feature_name,dtype,missing_count,unique_values
user_item_interactions,int64,0,38
user_item_strength,float64,0,50
user_item_avg_strength,float64,0,135
user_item_interaction_types,int64,0,5
user_item_sessions,int64,0,22
days_since_user_item_interaction,float64,0,40483
user_item_recency_score,float64,0,40483
has_seen_article,int64,0,1
user_total_interactions,int64,0,220
user_unique_articles,int64,0,157
user_unique_sessions,int64,0,116
user_total_strength,float64,0,253
user_avg_strength,float64,0,470
user_active_days,int64,0,114
user_content_commented_on_count,int64,0,30
user_content_followed_count,int64,0,25
user_content_liked_count,int64,0,54
user_content_saved_count,int64,0,35
user_content_watched_count,int64,0,194
user_content_commented_on_rate,float64,0,216
user_content_followed_rate,float64,0,211
user_content_liked_rate,float64,0,329
user_content_saved_rate,float64,0,253
user_content_watched_rate,float64,0,395
user_days_since_last_event,float64,0,1891
user_days_active_span,float64,0,1683
user_interactions_per_active_day,float64,0,458
user_articles_per_session,float64,0,395
user_device_share_Android - Native Mobile App,float64,0,234
user_device_share_Mozilla/5.0 (Android 6.0.1; Mobile; rv:47.0) Gecko/47.0 Firefox/47.0,float64,0,2
"user_device_share_Mozilla/5.0 (Linux; Android 4.4.2; ASUS_T00J Build/KVT49L) AppleWebKit/537.36 (KHTML, like Gecko) Chrome/49.0.2623.105 Mobile Safari/537.36",float64,0,3
"user_device_share_Mozilla/5.0 (Linux; Android 4.4.2; ASUS_T00J Build/KVT49L) AppleWebKit/537.36 (KHTML, like Gecko) Chrome/51.0.2704.81 Mobile Safari/537.36",float64,0,3
"user_device_share_Mozilla/5.0 (Linux; Android 4.4.2; ASUS_T00J Build/KVT49L) AppleWebKit/537.36 (KHTML, like Gecko) Chrome/54.0.2840.85 Mobile Safari/537.36",float64,0,2
"user_device_share_Mozilla/5.0 (Linux; Android 4.4.2; GT-I9200 Build/KOT49H) AppleWebKit/537.36 (KHTML, like Gecko) Chrome/49.0.2623.105 Mobile Safari/537.36",float64,0,2
"user_device_share_Mozilla/5.0 (Linux; Android 4.4.2; GT-I9200 Build/KOT49H) AppleWebKit/537.36 (KHTML, like Gecko) Chrome/50.0.2661.89 Mobile Safari/537.36",float64,0,2
"user_device_share_Mozilla/5.0 (Linux; Android 4.4.2; GT-I9200 Build/KOT49H) AppleWebKit/537.36 (KHTML, like Gecko) Chrome/51.0.2704.81 Mobile Safari/537.36",float64,0,2
"user_device_share_Mozilla/5.0 (Linux; Android 4.4.2; GT-I9200 Build/KOT49H) AppleWebKit/537.36 (KHTML, like Gecko) Chrome/52.0.2743.98 Mobile Safari/537.36",float64,0,2
"user_device_share_Mozilla/5.0 (Linux; Android 4.4.2; GT-I9515L Build/KOT49H) AppleWebKit/537.36 (KHTML, like Gecko) Chrome/51.0.2704.81 Mobile Safari/537.36",float64,0,2
"user_device_share_Mozilla/5.0 (Linux; Android 4.4.2; GT-N5110 Build/KOT49H) AppleWebKit/537.36 (KHTML, like Gecko) Chrome/51.0.2704.81 Safari/537.36",float64,0,2
"user_device_share_Mozilla/5.0 (Linux; Android 4.4.3; HTC Desire 510 Build/KTU84L) AppleWebKit/537.36 (KHTML, like Gecko) Chrome/51.0.2704.81 Mobile Safari/537.36",float64,0,2
"user_device_share_Mozilla/5.0 (Linux; Android 4.4.4; XT1058 Build/KXA21.12-L1.26) AppleWebKit/537.36 (KHTML, like Gecko) Chrome/50.0.2661.89 Mobile Safari/537.36",float64,0,2
"user_device_share_Mozilla/5.0 (Linux; Android 4.4.4; XT1058 Build/KXA21.12-L1.26) AppleWebKit/537.36 (KHTML, like Gecko) Chrome/51.0.2704.81 Mobile Safari/537.36",float64,0,2
"user_device_share_Mozilla/5.0 (Linux; Android 4.4.4; XT1058 Build/KXA21.12-L1.26) AppleWebKit/537.36 (KHTML, like Gecko) Chrome/53.0.2785.124 Mobile Safari/537.36",float64,0,2
"user_device_share_Mozilla/5.0 (Linux; Android 5.0.1; GT-I9505 Build/LRX22C) AppleWebKit/537.36 (KHTML, like Gecko) Chrome/49.0.2623.105 Mobile Safari/537.36",float64,0,2
"user_device_share_Mozilla/5.0 (Linux; Android 5.0.1; GT-I9505 Build/LRX22C) AppleWebKit/537.36 (KHTML, like Gecko) Chrome/50.0.2661.89 Mobile Safari/537.36",float64,0,2
"user_device_share_Mozilla/5.0 (Linux; Android 5.0.1; GT-I9505 Build/LRX22C) AppleWebKit/537.36 (KHTML, like Gecko) Chrome/52.0.2743.98 Mobile Safari/537.36",float64,0,2
"user_device_share_Mozilla/5.0 (Linux; Android 5.0.1; GT-I9515L Build/LRX22C) AppleWebKit/537.36 (KHTML, like Gecko) Chrome/53.0.2785.124 Mobile Safari/537.36",float64,0,2
"user_device_share_Mozilla/5.0 (Linux; Android 5.0.1; GT-I9515L Build/LRX22C) AppleWebKit/537.36 (KHTML, like Gecko) Chrome/55.0.2883.91 Mobile Safari/537.36",float64,0,2
"user_device_share_Mozilla/5.0 (Linux; Android 5.0.2; SM-G850M Build/LRX22G) AppleWebKit/537.36 (KHTML, like Gecko) Chrome/49.0.2623.105 Mobile Safari/537.36",float64,0,2
"user_device_share_Mozilla/5.0 (Linux; Android 5.0; ASUS_T00J Build/LRX21V) AppleWebKit/537.36 (KHTML, like Gecko) Chrome/50.0.2661.89 Mobile Safari/537.36",float64,0,2
"user_device_share_Mozilla/5.0 (Linux; Android 5.0; ASUS_T00J Build/LRX21V) AppleWebKit/537.36 (KHTML, like Gecko) Chrome/51.0.2704.81 Mobile Safari/537.36",float64,0,2
"user_device_share_Mozilla/5.0 (Linux; Android 5.0; ASUS_Z00AD Build/LRX21V) AppleWebKit/537.36 (KHTML, like Gecko) Chrome/50.0.2661.89 Mobile Safari/537.36",float64,0,4
"user_device_share_Mozilla/5.0 (Linux; Android 5.0; ASUS_Z00AD Build/LRX21V) AppleWebKit/537.36 (KHTML, like Gecko) Chrome/51.0.2704.81 Mobile Safari/537.36",float64,0,3
"user_device_share_Mozilla/5.0 (Linux; Android 5.0; ASUS_Z00AD Build/LRX21V) AppleWebKit/537.36 (KHTML, like Gecko) Chrome/53.0.2785.124 Mobile Safari/537.36",float64,0,2
"user_device_share_Mozilla/5.0 (Linux; Android 5.0; ASUS_Z00AD Build/LRX21V) AppleWebKit/537.36 (KHTML, like Gecko) Chrome/54.0.2840.68 Mobile Safari/537.36",float64,0,2
"user_device_share_Mozilla/5.0 (Linux; Android 5.0; ASUS_Z00AD Build/LRX21V) AppleWebKit/537.36 (KHTML, like Gecko) Chrome/54.0.2840.85 Mobile Safari/537.36",float64,0,2
"user_device_share_Mozilla/5.0 (Linux; Android 5.0; ASUS_Z00AD Build/LRX21V) AppleWebKit/537.36 (KHTML, like Gecko) Chrome/56.0.2924.87 Mobile Safari/537.36",float64,0,2
"user_device_share_Mozilla/5.0 (Linux; Android 5.0; ASUS_Z00AD Build/LRX21V; wv) AppleWebKit/537.36 (KHTML, like Gecko) Version/4.0 Chrome/49.0.2623.108 Mobile Safari/537.36",float64,0,2
"user_device_share_Mozilla/5.0 (Linux; Android 5.0; LG-D855 Build/LRX21R) AppleWebKit/537.36 (KHTML, like Gecko) Chrome/53.0.2785.124 Mobile Safari/537.36",float64,0,2
"user_device_share_Mozilla/5.0 (Linux; Android 5.0; SM-G900I Build/LRX21T) AppleWebKit/537.36 (KHTML, like Gecko) Chrome/50.0.2661.89 Mobile Safari/537.36",float64,0,2
"user_device_share_Mozilla/5.0 (Linux; Android 5.0; SM-G900M Build/LRX21T) AppleWebKit/537.36 (KHTML, like Gecko) Chrome/50.0.2661.89 Mobile Safari/537.36",float64,0,2
"user_device_share_Mozilla/5.0 (Linux; Android 5.0; SM-G900MD Build/LRX21T) AppleWebKit/537.36 (KHTML, like Gecko) Chrome/51.0.2704.81 Mobile Safari/537.36",float64,0,2
"user_device_share_Mozilla/5.0 (Linux; Android 5.0; SM-N9005 Build/LRX21V) AppleWebKit/537.36 (KHTML, like Gecko) Chrome/50.0.2661.89 Mobile Safari/537.36",float64,0,2
"user_device_share_Mozilla/5.0 (Linux; Android 5.0; SM-N9005 Build/LRX21V) AppleWebKit/537.36 (KHTML, like Gecko) Chrome/51.0.2704.81 Mobile Safari/537.36",float64,0,2
"user_device_share_Mozilla/5.0 (Linux; Android 5.1.1; D6633 Build/23.4.A.1.232) AppleWebKit/537.36 (KHTML, like Gecko) Chrome/49.0.2623.105 Mobile Safari/537.36",float64,0,2
"user_device_share_Mozilla/5.0 (Linux; Android 5.1.1; LG-K130 Build/LMY47V) AppleWebKit/537.36 (KHTML, like Gecko) Chrome/55.0.2883.91 Mobile Safari/537.36",float64,0,2
"user_device_share_Mozilla/5.0 (Linux; Android 5.1.1; SM-G531H Build/LMY48B) AppleWebKit/537.36 (KHTML, like Gecko) Chrome/55.0.2883.91 Mobile Safari/537.36",float64,0,2
"user_device_share_Mozilla/5.0 (Linux; Android 5.1.1; SM-G900M Build/LMY48B) AppleWebKit/537.36 (KHTML, like Gecko) Chrome/50.0.2661.89 Mobile Safari/537.36",float64,0,2
"user_device_share_Mozilla/5.0 (Linux; Android 5.1.1; SM-G900M Build/LMY48B) AppleWebKit/537.36 (KHTML, like Gecko) Chrome/52.0.2743.98 Mobile Safari/537.36",float64,0,2
"user_device_share_Mozilla/5.0 (Linux; Android 5.1.1; SM-G900M Build/LMY48B) AppleWebKit/537.36 (KHTML, like Gecko) Chrome/54.0.2840.85 Mobile Safari/537.36",float64,0,2
"user_device_share_Mozilla/5.0 (Linux; Android 5.1.1; SM-G900M Build/LMY48B) AppleWebKit/537.36 (KHTML, like Gecko) Chrome/55.0.2883.91 Mobile Safari/537.36",float64,0,2
"user_device_share_Mozilla/5.0 (Linux; Android 5.1.1; SM-J700M Build/LMY48B) AppleWebKit/537.36 (KHTML, like Gecko) Chrome/51.0.2704.81 Mobile Safari/537.36",float64,0,2
"user_device_share_Mozilla/5.0 (Linux; Android 5.1; ASUS_Z00VD Build/LMY47I) AppleWebKit/537.36 (KHTML, like Gecko) Chrome/53.0.2785.124 Mobile Safari/537.36",float64,0,2
"user_device_share_Mozilla/5.0 (Linux; Android 5.1; Quantum Go Build/LMY47D) AppleWebKit/537.36 (KHTML, like Gecko) Chrome/50.0.2661.89 Mobile Safari/537.36",float64,0,2
"user_device_share_Mozilla/5.0 (Linux; Android 5.1; XT1033 Build/LPBS23.13-56-2) AppleWebKit/537.36 (KHTML, like Gecko) Chrome/50.0.2661.89 Mobile Safari/537.36",float64,0,2
"user_device_share_Mozilla/5.0 (Linux; Android 5.1; XT1033 Build/LPBS23.13-56-2) AppleWebKit/537.36 (KHTML, like Gecko) Chrome/52.0.2743.98 Mobile Safari/537.36",float64,0,2
"user_device_share_Mozilla/5.0 (Linux; Android 5.1; XT1039 Build/LPB23.13-17) AppleWebKit/537.36 (KHTML, like Gecko) Chrome/52.0.2743.98 Mobile Safari/537.36",float64,0,2
"user_device_share_Mozilla/5.0 (Linux; Android 5.1; XT1040 Build/LPBS23.13-35.5-1) AppleWebKit/537.36 (KHTML, like Gecko) Chrome/53.0.2785.124 Mobile Safari/537.36",float64,0,2
"user_device_share_Mozilla/5.0 (Linux; Android 5.1; XT1040 Build/LPBS23.13-35.5-1) AppleWebKit/537.36 (KHTML, like Gecko) Chrome/54.0.2840.85 Mobile Safari/537.36",float64,0,2
"user_device_share_Mozilla/5.0 (Linux; Android 5.1; XT1040 Build/LPBS23.13-35.5-1) AppleWebKit/537.36 (KHTML, like Gecko) Chrome/55.0.2883.91 Mobile Safari/537.36",float64,0,2
"user_device_share_Mozilla/5.0 (Linux; Android 5.1; XT1058 Build/LPA23.12-21.7) AppleWebKit/537.36 (KHTML, like Gecko) Chrome/49.0.2623.105 Mobile Safari/537.36",float64,0,2
"user_device_share_Mozilla/5.0 (Linux; Android 5.1; XT1058 Build/LPAS23.12-21.7-1) AppleWebKit/537.36 (KHTML, like Gecko) Chrome/50.0.2661.89 Mobile Safari/537.36",float64,0,2
"user_device_share_Mozilla/5.0 (Linux; Android 5.1; XT1058 Build/LPAS23.12-21.7-1) AppleWebKit/537.36 (KHTML, like Gecko) Chrome/55.0.2883.91 Mobile Safari/537.36",float64,0,2
"user_device_share_Mozilla/5.0 (Linux; Android 5.1; XT1097 Build/LPE23.32-14.2) AppleWebKit/537.36 (KHTML, like Gecko) Chrome/49.0.2623.105 Mobile Safari/537.36",float64,0,2
"user_device_share_Mozilla/5.0 (Linux; Android 5.1; XT1097 Build/LPE23.32-14.2) AppleWebKit/537.36 (KHTML, like Gecko) Chrome/50.0.2661.89 Mobile Safari/537.36",float64,0,2
"user_device_share_Mozilla/5.0 (Linux; Android 5.1; XT1097 Build/LPE23.32-14.2) AppleWebKit/537.36 (KHTML, like Gecko) Chrome/51.0.2704.77 Mobile Safari/537.36",float64,0,2
"user_device_share_Mozilla/5.0 (Linux; Android 5.1; XT1097 Build/LPE23.32-14.2) AppleWebKit/537.36 (KHTML, like Gecko) Chrome/51.0.2704.81 Mobile Safari/537.36",float64,0,2
"user_device_share_Mozilla/5.0 (Linux; Android 5.1; XT1097 Build/LPE23.32-14.2) AppleWebKit/537.36 (KHTML, like Gecko) Chrome/53.0.2785.124 Mobile Safari/537.36",float64,0,2
"user_device_share_Mozilla/5.0 (Linux; Android 6.0.1; ASUS_Z00AD Build/MMB29P) AppleWebKit/537.36 (KHTML, like Gecko) Chrome/54.0.2840.85 Mobile Safari/537.36",float64,0,2
"user_device_share_Mozilla/5.0 (Linux; Android 6.0.1; ASUS_Z00AD Build/MMB29P) AppleWebKit/537.36 (KHTML, like Gecko) Chrome/55.0.2883.91 Mobile Safari/537.36",float64,0,2
"user_device_share_Mozilla/5.0 (Linux; Android 6.0.1; D5833 Build/23.5.A.1.291) AppleWebKit/537.36 (KHTML, like Gecko) Chrome/55.0.2883.91 Mobile Safari/537.36",float64,0,3
"user_device_share_Mozilla/5.0 (Linux; Android 6.0.1; D5833 Build/23.5.A.1.291) AppleWebKit/537.36 (KHTML, like Gecko) Chrome/56.0.2924.87 Mobile Safari/537.36",float64,0,2
"user_device_share_Mozilla/5.0 (Linux; Android 6.0.1; D6543 Build/23.5.A.0.570) AppleWebKit/537.36 (KHTML, like Gecko) Chrome/50.0.2661.89 Mobile Safari/537.36",float64,0,2
"user_device_share_Mozilla/5.0 (Linux; Android 6.0.1; D6633 Build/23.5.A.0.575) AppleWebKit/537.36 (KHTML, like Gecko) Chrome/51.0.2704.81 Mobile Safari/537.36",float64,0,2
"user_device_share_Mozilla/5.0 (Linux; Android 6.0.1; D6633 Build/23.5.A.1.291) AppleWebKit/537.36 (KHTML, like Gecko) Chrome/53.0.2785.124 Mobile Safari/537.36",float64,0,2
"user_device_share_Mozilla/5.0 (Linux; Android 6.0.1; Moto G (4) Build/MPJ24.139-23.4) AppleWebKit/537.36 (KHTML, like Gecko) Chrome/51.0.2704.81 Mobile Safari/537.36",float64,0,2
"user_device_share_Mozilla/5.0 (Linux; Android 6.0.1; Moto G (4) Build/MPJ24.139-49) AppleWebKit/537.36 (KHTML, like Gecko) Chrome/51.0.2704.81 Mobile Safari/537.36",float64,0,2
"user_device_share_Mozilla/5.0 (Linux; Android 6.0.1; Moto G (4) Build/MPJ24.139-50) AppleWebKit/537.36 (KHTML, like Gecko) Chrome/51.0.2704.81 Mobile Safari/537.36",float64,0,2
"user_device_share_Mozilla/5.0 (Linux; Android 6.0.1; Moto G (4) Build/MPJ24.139-50) AppleWebKit/537.36 (KHTML, like Gecko) Chrome/52.0.2743.98 Mobile Safari/537.36",float64,0,4
"user_device_share_Mozilla/5.0 (Linux; Android 6.0.1; Moto G (4) Build/MPJ24.139-50) AppleWebKit/537.36 (KHTML, like Gecko) Chrome/54.0.2840.85 Mobile Safari/537.36",float64,0,2
"user_device_share_Mozilla/5.0 (Linux; Android 6.0.1; Moto G (4) Build/MPJ24.139-50) AppleWebKit/537.36 (KHTML, like Gecko) Chrome/55.0.2883.91 Mobile Safari/537.36",float64,0,6
"user_device_share_Mozilla/5.0 (Linux; Android 6.0.1; Nexus 4 Build/MMB29X) AppleWebKit/537.36 (KHTML, like Gecko) Chrome/52.0.2743.98 Mobile Safari/537.36",float64,0,2
"user_device_share_Mozilla/5.0 (Linux; Android 6.0.1; Nexus 5 Build/MOB30H) AppleWebKit/537.36 (KHTML, like Gecko) Chrome/51.0.2704.81 Mobile Safari/537.36",float64,0,2
"user_device_share_Mozilla/5.0 (Linux; Android 6.0.1; Nexus 5 Build/MOB30Y) AppleWebKit/537.36 (KHTML, like Gecko) Chrome/52.0.2743.98 Mobile Safari/537.36",float64,0,2
"user_device_share_Mozilla/5.0 (Linux; Android 6.0.1; Nexus 5 Build/MRA58N) AppleWebKit/537.36(KHTML, like Gecko) Chrome/52.0.2743.8 Mobile Safari/537.36",float64,0,3
"user_device_share_Mozilla/5.0 (Linux; Android 6.0.1; Nexus 5X Build/MTC19T) AppleWebKit/537.36 (KHTML, like Gecko) Chrome/51.0.2704.81 Mobile Safari/537.36",float64,0,2
"user_device_share_Mozilla/5.0 (Linux; Android 6.0.1; Nexus 6 Build/MOB30W) AppleWebKit/537.36 (KHTML, like Gecko) Chrome/51.0.2704.81 Mobile Safari/537.36",float64,0,2
"user_device_share_Mozilla/5.0 (Linux; Android 6.0.1; Nexus 6P Build/MHC19Q) AppleWebKit/537.36 (KHTML, like Gecko) Chrome/50.0.2661.89 Mobile Safari/537.36",float64,0,2
"user_device_share_Mozilla/5.0 (Linux; Android 6.0.1; Nexus 6P Build/MTC19T) AppleWebKit/537.36 (KHTML, like Gecko) Chrome/50.0.2661.89 Mobile Safari/537.36",float64,0,2
"user_device_share_Mozilla/5.0 (Linux; Android 6.0.1; Nexus 7 Build/MOB30P) AppleWebKit/537.36 (KHTML, like Gecko) Chrome/51.0.2704.81 Safari/537.36",float64,0,2
"user_device_share_Mozilla/5.0 (Linux; Android 6.0.1; SAMSUNG-SM-N920A Build/MMB29K) AppleWebKit/537.36 (KHTML, like Gecko) Chrome/55.0.2883.91 Mobile Safari/537.36",float64,0,2
"user_device_share_Mozilla/5.0 (Linux; Android 6.0.1; SM-G610M Build/MMB29K) AppleWebKit/537.36 (KHTML, like Gecko) Chrome/55.0.2883.91 Mobile Safari/537.36",float64,0,2
"user_device_share_Mozilla/5.0 (Linux; Android 6.0.1; SM-G900I Build/MMB29M) AppleWebKit/537.36 (KHTML, like Gecko) Chrome/50.0.2661.89 Mobile Safari/537.36",float64,0,2
"user_device_share_Mozilla/5.0 (Linux; Android 6.0.1; SM-G900I Build/MMB29M) AppleWebKit/537.36 (KHTML, like Gecko) Chrome/52.0.2743.98 Mobile Safari/537.36",float64,0,2
"user_device_share_Mozilla/5.0 (Linux; Android 6.0.1; SM-G900MD Build/MMB29M) AppleWebKit/537.36 (KHTML, like Gecko) Chrome/54.0.2840.68 Mobile Safari/537.36",float64,0,2
"user_device_share_Mozilla/5.0 (Linux; Android 6.0.1; SM-G920I Build/MMB29K) AppleWebKit/537.36 (KHTML, like Gecko) Chrome/50.0.2661.89 Mobile Safari/537.36",float64,0,2
"user_device_share_Mozilla/5.0 (Linux; Android 6.0.1; SM-G920I Build/MMB29K) AppleWebKit/537.36 (KHTML, like Gecko) Chrome/56.0.2924.87 Mobile Safari/537.36",float64,0,3
"user_device_share_Mozilla/5.0 (Linux; Android 6.0.1; SM-G930F Build/MMB29K) AppleWebKit/537.36 (KHTML, like Gecko) Chrome/54.0.2840.85 Mobile Safari/537.36",float64,0,2
"user_device_share_Mozilla/5.0 (Linux; Android 6.0.1; SM-J510MN Build/MMB29M) AppleWebKit/537.36 (KHTML, like Gecko) Chrome/52.0.2743.98 Mobile Safari/537.36",float64,0,2
"user_device_share_Mozilla/5.0 (Linux; Android 6.0.1; SM-J700M Build/MMB29K) AppleWebKit/537.36 (KHTML, like Gecko) Chrome/52.0.2743.98 Mobile Safari/537.36",float64,0,2
"user_device_share_Mozilla/5.0 (Linux; Android 6.0.1; SM-J700M Build/MMB29K) AppleWebKit/537.36 (KHTML, like Gecko) Chrome/55.0.2883.91 Mobile Safari/537.36",float64,0,2
"user_device_share_Mozilla/5.0 (Linux; Android 6.0.1; SM-N910C Build/MMB29K) AppleWebKit/537.36 (KHTML, like Gecko) Chrome/55.0.2883.91 Mobile Safari/537.36",float64,0,2
"user_device_share_Mozilla/5.0 (Linux; Android 6.0.1; XT1563 Build/MPD24.107-52) AppleWebKit/537.36 (KHTML, like Gecko) Chrome/50.0.2661.89 Mobile Safari/537.36",float64,0,2
"user_device_share_Mozilla/5.0 (Linux; Android 6.0.1; XT1563 Build/MPD24.107-52) AppleWebKit/537.36 (KHTML, like Gecko) Chrome/51.0.2704.81 Mobile Safari/537.36",float64,0,4
"user_device_share_Mozilla/5.0 (Linux; Android 6.0.1; XT1563 Build/MPD24.107-52) AppleWebKit/537.36 (KHTML, like Gecko) Chrome/52.0.2743.98 Mobile Safari/537.36",float64,0,3
"user_device_share_Mozilla/5.0 (Linux; Android 6.0.1; XT1563 Build/MPD24.107-52) AppleWebKit/537.36 (KHTML, like Gecko) Chrome/53.0.2785.124 Mobile Safari/537.36",float64,0,5
"user_device_share_Mozilla/5.0 (Linux; Android 6.0.1; XT1563 Build/MPD24.107-52) AppleWebKit/537.36 (KHTML, like Gecko) Chrome/53.0.2785.97 Mobile Safari/537.36",float64,0,2
"user_device_share_Mozilla/5.0 (Linux; Android 6.0.1; XT1563 Build/MPDS24.107-52-5) AppleWebKit/537.36 (KHTML, like Gecko) Chrome/54.0.2840.85 Mobile Safari/537.36",float64,0,2
"user_device_share_Mozilla/5.0 (Linux; Android 6.0.1; XT1563 Build/MPDS24.107-52-5) AppleWebKit/537.36 (KHTML, like Gecko) Chrome/55.0.2883.91 Mobile Safari/537.36",float64,0,2
"user_device_share_Mozilla/5.0 (Linux; Android 6.0.1; XT1563 Build/MPDS24.107-52-5) AppleWebKit/537.36 (KHTML, like Gecko) Chrome/56.0.2924.87 Mobile Safari/537.36",float64,0,2
"user_device_share_Mozilla/5.0 (Linux; Android 6.0.1; XT1635-02 Build/MPN24.104-44) AppleWebKit/537.36 (KHTML, like Gecko) Chrome/53.0.2785.124 Mobile Safari/537.36",float64,0,2
"user_device_share_Mozilla/5.0 (Linux; Android 6.0.1; XT1635-02 Build/MPN24.104-44) AppleWebKit/537.36 (KHTML, like Gecko) Chrome/54.0.2840.85 Mobile Safari/537.36",float64,0,2
"user_device_share_Mozilla/5.0 (Linux; Android 6.0; MotoG3 Build/MPI24.65-33.1) AppleWebKit/537.36 (KHTML, like Gecko) Chrome/49.0.2623.105 Mobile Safari/537.36",float64,0,3
"user_device_share_Mozilla/5.0 (Linux; Android 6.0; MotoG3 Build/MPI24.65-33.1) AppleWebKit/537.36 (KHTML, like Gecko) Chrome/50.0.2661.89 Mobile Safari/537.36",float64,0,6
"user_device_share_Mozilla/5.0 (Linux; Android 6.0; MotoG3 Build/MPI24.65-33.1) AppleWebKit/537.36 (KHTML, like Gecko) Chrome/51.0.2704.81 Mobile Safari/537.36",float64,0,9
"user_device_share_Mozilla/5.0 (Linux; Android 6.0; MotoG3 Build/MPI24.65-33.1) AppleWebKit/537.36 (KHTML, like Gecko) Chrome/52.0.2743.91 Mobile Safari/537.36",float64,0,2
"user_device_share_Mozilla/5.0 (Linux; Android 6.0; MotoG3 Build/MPI24.65-33.1-2) AppleWebKit/537.36 (KHTML, like Gecko) Chrome/52.0.2743.98 Mobile Safari/537.36",float64,0,3
"user_device_share_Mozilla/5.0 (Linux; Android 6.0; MotoG3 Build/MPI24.65-33.1-2) AppleWebKit/537.36 (KHTML, like Gecko) Chrome/53.0.2785.124 Mobile Safari/537.36",float64,0,2
"user_device_share_Mozilla/5.0 (Linux; Android 6.0; MotoG3 Build/MPI24.65-33.1-2) AppleWebKit/537.36 (KHTML, like Gecko) Chrome/54.0.2840.85 Mobile Safari/537.36",float64,0,2
"user_device_share_Mozilla/5.0 (Linux; Android 6.0; MotoG3 Build/MPI24.65-33.1-2) AppleWebKit/537.36 (KHTML, like Gecko) Chrome/55.0.2883.91 Mobile Safari/537.36",float64,0,2
"user_device_share_Mozilla/5.0 (Linux; Android 6.0; MotoG3 Build/MPIS24.65-33.1-2-4) AppleWebKit/537.36 (KHTML, like Gecko) Chrome/55.0.2883.91 Mobile Safari/537.36",float64,0,2
"user_device_share_Mozilla/5.0 (Linux; Android 6.0; MotoG3-TE Build/MPDS24.65-33-1-3) AppleWebKit/537.36 (KHTML, like Gecko) Chrome/55.0.2883.91 Mobile Safari/537.36",float64,0,2
"user_device_share_Mozilla/5.0 (Linux; Android 6.0; Nexus 5 Build/MRA58N) AppleWebKit/537.36 (KHTML, like Gecko) Chrome/46.0.2490.76 Mobile Safari/537.36",float64,0,2
"user_device_share_Mozilla/5.0 (Linux; Android 6.0; XT1068 Build/MPB24.65-34) AppleWebKit/537.36 (KHTML, like Gecko) Chrome/51.0.2704.81 Mobile Safari/537.36",float64,0,2
"user_device_share_Mozilla/5.0 (Linux; Android 6.0; XT1069 Build/MPB24.65-34) AppleWebKit/537.36 (KHTML, like Gecko) Chrome/52.0.2743.98 Mobile Safari/537.36",float64,0,2
"user_device_share_Mozilla/5.0 (Linux; Android 6.0; XT1097 Build/MPE24.49-18) AppleWebKit/537.36 (KHTML, like Gecko) Chrome/50.0.2661.89 Mobile Safari/537.36",float64,0,3
"user_device_share_Mozilla/5.0 (Linux; Android 6.0; XT1097 Build/MPES24.49-18-7) AppleWebKit/537.36 (KHTML, like Gecko) Chrome/55.0.2883.91 Mobile Safari/537.36",float64,0,4
"user_device_share_Mozilla/5.0 (Linux; Android 6.0; XT1097 Build/MPES24.49-18-7) AppleWebKit/537.36 (KHTML, like Gecko) Chrome/56.0.2924.87 Mobile Safari/537.36",float64,0,2
"user_device_share_Mozilla/5.0 (Linux; Android 6.0; XT1572 Build/MPHS24.49-18-16) AppleWebKit/537.36 (KHTML, like Gecko) Chrome/55.0.2883.91 Mobile Safari/537.36",float64,0,2
"user_device_share_Mozilla/5.0 (Linux; Android 6.0; XT1572 Build/MPHS24.49-18-4) AppleWebKit/537.36 (KHTML, like Gecko) Chrome/53.0.2785.124 Mobile Safari/537.36",float64,0,2
"user_device_share_Mozilla/5.0 (Linux; Android 6.0; XT1572 Build/MPHS24.49-18-8) AppleWebKit/537.36 (KHTML, like Gecko) Chrome/53.0.2785.124 Mobile Safari/537.36",float64,0,2
"user_device_share_Mozilla/5.0 (Linux; Android 6.0; XT1572 Build/MPHS24.49-18-8) AppleWebKit/537.36 (KHTML, like Gecko) Chrome/54.0.2840.85 Mobile Safari/537.36",float64,0,2
"user_device_share_Mozilla/5.0 (Linux; Android 6.0; XT1580 Build/MPK24.78-8) AppleWebKit/537.36 (KHTML, like Gecko) Chrome/50.0.2661.89 Mobile Safari/537.36",float64,0,2
"user_device_share_Mozilla/5.0 (Linux; Android 7.0; Moto G (4) Build/NPJ25.93-14) AppleWebKit/537.36 (KHTML, like Gecko) Chrome/55.0.2883.91 Mobile Safari/537.36",float64,0,2
"user_device_share_Mozilla/5.0 (Linux; Android 7.0; Moto G (4) Build/NPJ25.93-14) AppleWebKit/537.36 (KHTML, like Gecko) Chrome/56.0.2924.87 Mobile Safari/537.36",float64,0,4
"user_device_share_Mozilla/5.0 (Linux; Android 7.1.1; Nexus 5X Build/N4F26O) AppleWebKit/537.36 (KHTML, like Gecko) Chrome/55.0.2883.91 Mobile Safari/537.36",float64,0,2
user_device_share_Mozilla/5.0 (Macintosh; Intel Mac OS X 10.11; rv:44.0) Gecko/20100101 Firefox/44.0,float64,0,2
user_device_share_Mozilla/5.0 (Macintosh; Intel Mac OS X 10.11; rv:46.0) Gecko/20100101 Firefox/46.0,float64,0,3
user_device_share_Mozilla/5.0 (Macintosh; Intel Mac OS X 10.11; rv:47.0) Gecko/20100101 Firefox/47.0,float64,0,4
user_device_share_Mozilla/5.0 (Macintosh; Intel Mac OS X 10.11; rv:48.0) Gecko/20100101 Firefox/48.0,float64,0,6
user_device_share_Mozilla/5.0 (Macintosh; Intel Mac OS X 10.11; rv:49.0) Gecko/20100101 Firefox/49.0,float64,0,3
user_device_share_Mozilla/5.0 (Macintosh; Intel Mac OS X 10.11; rv:50.0) Gecko/20100101 Firefox/50.0,float64,0,2
user_device_share_Mozilla/5.0 (Macintosh; Intel Mac OS X 10.12; rv:50.0) Gecko/20100101 Firefox/50.0,float64,0,3
user_device_share_Mozilla/5.0 (Macintosh; Intel Mac OS X 10.12; rv:51.0) Gecko/20100101 Firefox/51.0,float64,0,4
"user_device_share_Mozilla/5.0 (Macintosh; Intel Mac OS X 10_10_0) AppleWebKit/537.36 (KHTML, like Gecko) Chrome/49.0.2623.110 Safari/537.36",float64,0,2
"user_device_share_Mozilla/5.0 (Macintosh; Intel Mac OS X 10_10_0) AppleWebKit/537.36 (KHTML, like Gecko) Chrome/49.0.2623.87 Safari/537.36",float64,0,3
"user_device_share_Mozilla/5.0 (Macintosh; Intel Mac OS X 10_10_0) AppleWebKit/537.36 (KHTML, like Gecko) Chrome/50.0.2661.102 Safari/537.36",float64,0,2
"user_device_share_Mozilla/5.0 (Macintosh; Intel Mac OS X 10_10_0) AppleWebKit/537.36 (KHTML, like Gecko) Chrome/51.0.2704.103 Safari/537.36",float64,0,2
"user_device_share_Mozilla/5.0 (Macintosh; Intel Mac OS X 10_10_0) AppleWebKit/537.36 (KHTML, like Gecko) Chrome/51.0.2704.84 Safari/537.36",float64,0,2
"user_device_share_Mozilla/5.0 (Macintosh; Intel Mac OS X 10_10_0) AppleWebKit/537.36 (KHTML, like Gecko) Chrome/54.0.2840.71 Safari/537.36",float64,0,3
"user_device_share_Mozilla/5.0 (Macintosh; Intel Mac OS X 10_10_1) AppleWebKit/537.36 (KHTML, like Gecko) Chrome/50.0.2661.94 Safari/537.36",float64,0,2
"user_device_share_Mozilla/5.0 (Macintosh; Intel Mac OS X 10_10_2) AppleWebKit/537.36 (KHTML, like Gecko) Chrome/49.0.2623.112 Safari/537.36",float64,0,2
"user_device_share_Mozilla/5.0 (Macintosh; Intel Mac OS X 10_10_2) AppleWebKit/537.36 (KHTML, like Gecko) Chrome/51.0.2704.103 Safari/537.36",float64,0,2
"user_device_share_Mozilla/5.0 (Macintosh; Intel Mac OS X 10_10_2) AppleWebKit/537.36 (KHTML, like Gecko) Chrome/54.0.2840.71 Safari/537.36",float64,0,2
"user_device_share_Mozilla/5.0 (Macintosh; Intel Mac OS X 10_10_3) AppleWebKit/537.36 (KHTML, like Gecko) Chrome/49.0.2623.110 Safari/537.36",float64,0,2
"user_device_share_Mozilla/5.0 (Macintosh; Intel Mac OS X 10_10_3) AppleWebKit/537.36 (KHTML, like Gecko) Chrome/49.0.2623.112 Safari/537.36",float64,0,3
"user_device_share_Mozilla/5.0 (Macintosh; Intel Mac OS X 10_10_3) AppleWebKit/537.36 (KHTML, like Gecko) Chrome/51.0.2704.103 Safari/537.36",float64,0,3
"user_device_share_Mozilla/5.0 (Macintosh; Intel Mac OS X 10_10_3) AppleWebKit/537.36 (KHTML, like Gecko) Chrome/51.0.2704.106 Safari/537.36",float64,0,3
"user_device_share_Mozilla/5.0 (Macintosh; Intel Mac OS X 10_10_3) AppleWebKit/537.36 (KHTML, like Gecko) Chrome/51.0.2704.79 Safari/537.36",float64,0,2
"user_device_share_Mozilla/5.0 (Macintosh; Intel Mac OS X 10_10_3) AppleWebKit/537.36 (KHTML, like Gecko) Chrome/51.0.2704.84 Safari/537.36",float64,0,2
"user_device_share_Mozilla/5.0 (Macintosh; Intel Mac OS X 10_10_3) AppleWebKit/537.36 (KHTML, like Gecko) Chrome/52.0.2743.116 Safari/537.36",float64,0,3
"user_device_share_Mozilla/5.0 (Macintosh; Intel Mac OS X 10_10_3) AppleWebKit/537.36 (KHTML, like Gecko) Chrome/53.0.2785.116 Safari/537.36",float64,0,3
"user_device_share_Mozilla/5.0 (Macintosh; Intel Mac OS X 10_10_3) AppleWebKit/537.36 (KHTML, like Gecko) Chrome/53.0.2785.143 Safari/537.36",float64,0,2
"user_device_share_Mozilla/5.0 (Macintosh; Intel Mac OS X 10_10_3) AppleWebKit/537.36 (KHTML, like Gecko) Chrome/54.0.2840.71 Safari/537.36",float64,0,2
"user_device_share_Mozilla/5.0 (Macintosh; Intel Mac OS X 10_10_3) AppleWebKit/537.36 (KHTML, like Gecko) Chrome/54.0.2840.87 Safari/537.36",float64,0,2
"user_device_share_Mozilla/5.0 (Macintosh; Intel Mac OS X 10_10_3) AppleWebKit/537.36 (KHTML, like Gecko) Chrome/54.0.2840.98 Safari/537.36",float64,0,3
"user_device_share_Mozilla/5.0 (Macintosh; Intel Mac OS X 10_10_3) AppleWebKit/537.36 (KHTML, like Gecko) Chrome/55.0.2883.95 Safari/537.36",float64,0,2
"user_device_share_Mozilla/5.0 (Macintosh; Intel Mac OS X 10_10_3) AppleWebKit/537.36 (KHTML, like Gecko) Chrome/56.0.2924.87 Safari/537.36",float64,0,2
"user_device_share_Mozilla/5.0 (Macintosh; Intel Mac OS X 10_10_4) AppleWebKit/537.36 (KHTML, like Gecko) Chrome/50.0.2661.102 Safari/537.36",float64,0,2
"user_device_share_Mozilla/5.0 (Macintosh; Intel Mac OS X 10_10_4) AppleWebKit/537.36 (KHTML, like Gecko) Chrome/50.0.2661.86 Safari/537.36",float64,0,2
"user_device_share_Mozilla/5.0 (Macintosh; Intel Mac OS X 10_10_4) AppleWebKit/537.36 (KHTML, like Gecko) Chrome/51.0.2704.103 Safari/537.36",float64,0,2
"user_device_share_Mozilla/5.0 (Macintosh; Intel Mac OS X 10_10_4) AppleWebKit/537.36 (KHTML, like Gecko) Chrome/51.0.2704.84 Safari/537.36",float64,0,2
"user_device_share_Mozilla/5.0 (Macintosh; Intel Mac OS X 10_10_4) AppleWebKit/537.36 (KHTML, like Gecko) Chrome/52.0.2743.116 Safari/537.36",float64,0,2
"user_device_share_Mozilla/5.0 (Macintosh; Intel Mac OS X 10_10_4) AppleWebKit/537.36 (KHTML, like Gecko) Chrome/53.0.2785.116 Safari/537.36",float64,0,2
"user_device_share_Mozilla/5.0 (Macintosh; Intel Mac OS X 10_10_4) AppleWebKit/537.36 (KHTML, like Gecko) Chrome/53.0.2785.143 Safari/537.36",float64,0,2
"user_device_share_Mozilla/5.0 (Macintosh; Intel Mac OS X 10_10_4) AppleWebKit/537.36 (KHTML, like Gecko) Chrome/54.0.2840.71 Safari/537.36",float64,0,2
"user_device_share_Mozilla/5.0 (Macintosh; Intel Mac OS X 10_10_4) AppleWebKit/537.36 (KHTML, like Gecko) Chrome/54.0.2840.98 Safari/537.36",float64,0,2
"user_device_share_Mozilla/5.0 (Macintosh; Intel Mac OS X 10_10_4) AppleWebKit/537.36 (KHTML, like Gecko) Chrome/55.0.2883.95 Safari/537.36",float64,0,2
"user_device_share_Mozilla/5.0 (Macintosh; Intel Mac OS X 10_10_4) AppleWebKit/600.7.12 (KHTML, like Gecko) Version/8.0.7 Safari/600.7.12",float64,0,2
"user_device_share_Mozilla/5.0 (Macintosh; Intel Mac OS X 10_10_5) AppleWebKit/537.36 (KHTML, like Gecko) Chrome/48.0.2564.116 Safari/537.36",float64,0,2
"user_device_share_Mozilla/5.0 (Macintosh; Intel Mac OS X 10_10_5) AppleWebKit/537.36 (KHTML, like Gecko) Chrome/48.0.2564.97 Safari/537.36",float64,0,3
"user_device_share_Mozilla/5.0 (Macintosh; Intel Mac OS X 10_10_5) AppleWebKit/537.36 (KHTML, like Gecko) Chrome/49.0.2623.110 Safari/537.36",float64,0,17
"user_device_share_Mozilla/5.0 (Macintosh; Intel Mac OS X 10_10_5) AppleWebKit/537.36 (KHTML, like Gecko) Chrome/49.0.2623.112 Safari/537.36",float64,0,16
"user_device_share_Mozilla/5.0 (Macintosh; Intel Mac OS X 10_10_5) AppleWebKit/537.36 (KHTML, like Gecko) Chrome/49.0.2623.87 Safari/537.36",float64,0,16
"user_device_share_Mozilla/5.0 (Macintosh; Intel Mac OS X 10_10_5) AppleWebKit/537.36 (KHTML, like Gecko) Chrome/50.0.2661.102 Safari/537.36",float64,0,30
"user_device_share_Mozilla/5.0 (Macintosh; Intel Mac OS X 10_10_5) AppleWebKit/537.36 (KHTML, like Gecko) Chrome/50.0.2661.86 Safari/537.36",float64,0,19
"user_device_share_Mozilla/5.0 (Macintosh; Intel Mac OS X 10_10_5) AppleWebKit/537.36 (KHTML, like Gecko) Chrome/50.0.2661.94 Safari/537.36",float64,0,21
"user_device_share_Mozilla/5.0 (Macintosh; Intel Mac OS X 10_10_5) AppleWebKit/537.36 (KHTML, like Gecko) Chrome/51.0.2704.103 Safari/537.36",float64,0,30
"user_device_share_Mozilla/5.0 (Macintosh; Intel Mac OS X 10_10_5) AppleWebKit/537.36 (KHTML, like Gecko) Chrome/51.0.2704.106 Safari/537.36",float64,0,8
"user_device_share_Mozilla/5.0 (Macintosh; Intel Mac OS X 10_10_5) AppleWebKit/537.36 (KHTML, like Gecko) Chrome/51.0.2704.63 Safari/537.36",float64,0,2
"user_device_share_Mozilla/5.0 (Macintosh; Intel Mac OS X 10_10_5) AppleWebKit/537.36 (KHTML, like Gecko) Chrome/51.0.2704.79 Safari/537.36",float64,0,3
"user_device_share_Mozilla/5.0 (Macintosh; Intel Mac OS X 10_10_5) AppleWebKit/537.36 (KHTML, like Gecko) Chrome/51.0.2704.84 Safari/537.36",float64,0,14
"user_device_share_Mozilla/5.0 (Macintosh; Intel Mac OS X 10_10_5) AppleWebKit/537.36 (KHTML, like Gecko) Chrome/52.0.2743.116 Safari/537.36",float64,0,18
"user_device_share_Mozilla/5.0 (Macintosh; Intel Mac OS X 10_10_5) AppleWebKit/537.36 (KHTML, like Gecko) Chrome/53.0.2785.116 Safari/537.36",float64,0,10
"user_device_share_Mozilla/5.0 (Macintosh; Intel Mac OS X 10_10_5) AppleWebKit/537.36 (KHTML, like Gecko) Chrome/53.0.2785.143 Safari/537.36",float64,0,15
"user_device_share_Mozilla/5.0 (Macintosh; Intel Mac OS X 10_10_5) AppleWebKit/537.36 (KHTML, like Gecko) Chrome/54.0.2840.71 Safari/537.36",float64,0,7
"user_device_share_Mozilla/5.0 (Macintosh; Intel Mac OS X 10_10_5) AppleWebKit/537.36 (KHTML, like Gecko) Chrome/54.0.2840.87 Safari/537.36",float64,0,2
"user_device_share_Mozilla/5.0 (Macintosh; Intel Mac OS X 10_10_5) AppleWebKit/537.36 (KHTML, like Gecko) Chrome/54.0.2840.98 Safari/537.36",float64,0,7
"user_device_share_Mozilla/5.0 (Macintosh; Intel Mac OS X 10_10_5) AppleWebKit/537.36 (KHTML, like Gecko) Chrome/55.0.2883.75 Safari/537.36",float64,0,2
"user_device_share_Mozilla/5.0 (Macintosh; Intel Mac OS X 10_10_5) AppleWebKit/537.36 (KHTML, like Gecko) Chrome/55.0.2883.87 Safari/537.36",float64,0,2
"user_device_share_Mozilla/5.0 (Macintosh; Intel Mac OS X 10_10_5) AppleWebKit/537.36 (KHTML, like Gecko) Chrome/55.0.2883.95 Safari/537.36",float64,0,14
"user_device_share_Mozilla/5.0 (Macintosh; Intel Mac OS X 10_10_5) AppleWebKit/537.36 (KHTML, like Gecko) Chrome/56.0.2924.87 Safari/537.36",float64,0,8
"user_device_share_Mozilla/5.0 (Macintosh; Intel Mac OS X 10_10_5) AppleWebKit/537.36 (KHTML, like Gecko) SmartCanvas/0.1.0 Chrome/49.0.2623.75 Electron/0.37.2 Safari/537.36",float64,0,2
"user_device_share_Mozilla/5.0 (Macintosh; Intel Mac OS X 10_10_5) AppleWebKit/601.5.17 (KHTML, like Gecko) Version/9.1 Safari/601.5.17",float64,0,2
"user_device_share_Mozilla/5.0 (Macintosh; Intel Mac OS X 10_10_5) AppleWebKit/602.1.50 (KHTML, like Gecko) Version/10.0 Safari/602.1.50",float64,0,2
"user_device_share_Mozilla/5.0 (Macintosh; Intel Mac OS X 10_10_5) AppleWebKit/602.2.14 (KHTML, like Gecko) Version/10.0.1 Safari/602.2.14",float64,0,2
"user_device_share_Mozilla/5.0 (Macintosh; Intel Mac OS X 10_11) AppleWebKit/601.1.56 (KHTML, like Gecko) Version/9.0 Safari/601.1.56",float64,0,2
"user_device_share_Mozilla/5.0 (Macintosh; Intel Mac OS X 10_11_0) AppleWebKit/537.36 (KHTML, like Gecko) Chrome/44.0.2403.157 Safari/537.36",float64,0,2
"user_device_share_Mozilla/5.0 (Macintosh; Intel Mac OS X 10_11_0) AppleWebKit/537.36 (KHTML, like Gecko) Chrome/49.0.2623.110 Safari/537.36",float64,0,3
"user_device_share_Mozilla/5.0 (Macintosh; Intel Mac OS X 10_11_0) AppleWebKit/537.36 (KHTML, like Gecko) Chrome/49.0.2623.112 Safari/537.36",float64,0,3
"user_device_share_Mozilla/5.0 (Macintosh; Intel Mac OS X 10_11_0) AppleWebKit/537.36 (KHTML, like Gecko) Chrome/49.0.2623.87 Safari/537.36",float64,0,3
"user_device_share_Mozilla/5.0 (Macintosh; Intel Mac OS X 10_11_0) AppleWebKit/537.36 (KHTML, like Gecko) Chrome/50.0.2661.102 Safari/537.36",float64,0,3
"user_device_share_Mozilla/5.0 (Macintosh; Intel Mac OS X 10_11_0) AppleWebKit/537.36 (KHTML, like Gecko) Chrome/50.0.2661.86 Safari/537.36",float64,0,3
"user_device_share_Mozilla/5.0 (Macintosh; Intel Mac OS X 10_11_0) AppleWebKit/537.36 (KHTML, like Gecko) Chrome/50.0.2661.94 Safari/537.36",float64,0,4
"user_device_share_Mozilla/5.0 (Macintosh; Intel Mac OS X 10_11_0) AppleWebKit/537.36 (KHTML, like Gecko) Chrome/51.0.2704.103 Safari/537.36",float64,0,4
"user_device_share_Mozilla/5.0 (Macintosh; Intel Mac OS X 10_11_0) AppleWebKit/537.36 (KHTML, like Gecko) Chrome/51.0.2704.84 Safari/537.36",float64,0,4
"user_device_share_Mozilla/5.0 (Macintosh; Intel Mac OS X 10_11_0) AppleWebKit/537.36 (KHTML, like Gecko) Chrome/52.0.2743.116 Safari/537.36",float64,0,3
"user_device_share_Mozilla/5.0 (Macintosh; Intel Mac OS X 10_11_0) AppleWebKit/537.36 (KHTML, like Gecko) Chrome/53.0.2785.113 Safari/537.36",float64,0,2
"user_device_share_Mozilla/5.0 (Macintosh; Intel Mac OS X 10_11_0) AppleWebKit/537.36 (KHTML, like Gecko) Chrome/53.0.2785.116 Safari/537.36",float64,0,2
"user_device_share_Mozilla/5.0 (Macintosh; Intel Mac OS X 10_11_0) AppleWebKit/537.36 (KHTML, like Gecko) Chrome/53.0.2785.143 Safari/537.36",float64,0,2
"user_device_share_Mozilla/5.0 (Macintosh; Intel Mac OS X 10_11_0) AppleWebKit/537.36 (KHTML, like Gecko) Chrome/54.0.2840.98 Safari/537.36",float64,0,3
"user_device_share_Mozilla/5.0 (Macintosh; Intel Mac OS X 10_11_0) AppleWebKit/537.36 (KHTML, like Gecko) Chrome/55.0.2883.95 Safari/537.36",float64,0,2
"user_device_share_Mozilla/5.0 (Macintosh; Intel Mac OS X 10_11_1) AppleWebKit/537.36 (KHTML, like Gecko) Chrome/49.0.2623.110 Safari/537.36",float64,0,4
"user_device_share_Mozilla/5.0 (Macintosh; Intel Mac OS X 10_11_1) AppleWebKit/537.36 (KHTML, like Gecko) Chrome/49.0.2623.112 Safari/537.36",float64,0,5
"user_device_share_Mozilla/5.0 (Macintosh; Intel Mac OS X 10_11_1) AppleWebKit/537.36 (KHTML, like Gecko) Chrome/49.0.2623.75 Safari/537.36",float64,0,2
"user_device_share_Mozilla/5.0 (Macintosh; Intel Mac OS X 10_11_1) AppleWebKit/537.36 (KHTML, like Gecko) Chrome/49.0.2623.87 Safari/537.36",float64,0,5
"user_device_share_Mozilla/5.0 (Macintosh; Intel Mac OS X 10_11_1) AppleWebKit/537.36 (KHTML, like Gecko) Chrome/50.0.2661.102 Safari/537.36",float64,0,6
"user_device_share_Mozilla/5.0 (Macintosh; Intel Mac OS X 10_11_1) AppleWebKit/537.36 (KHTML, like Gecko) Chrome/50.0.2661.86 Safari/537.36",float64,0,5
"user_device_share_Mozilla/5.0 (Macintosh; Intel Mac OS X 10_11_1) AppleWebKit/537.36 (KHTML, like Gecko) Chrome/50.0.2661.94 Safari/537.36",float64,0,4
"user_device_share_Mozilla/5.0 (Macintosh; Intel Mac OS X 10_11_1) AppleWebKit/537.36 (KHTML, like Gecko) Chrome/51.0.2704.103 Safari/537.36",float64,0,7
"user_device_share_Mozilla/5.0 (Macintosh; Intel Mac OS X 10_11_1) AppleWebKit/537.36 (KHTML, like Gecko) Chrome/51.0.2704.106 Safari/537.36",float64,0,5
"user_device_share_Mozilla/5.0 (Macintosh; Intel Mac OS X 10_11_1) AppleWebKit/537.36 (KHTML, like Gecko) Chrome/51.0.2704.79 Safari/537.36",float64,0,2
"user_device_share_Mozilla/5.0 (Macintosh; Intel Mac OS X 10_11_1) AppleWebKit/537.36 (KHTML, like Gecko) Chrome/51.0.2704.84 Safari/537.36",float64,0,5
"user_device_share_Mozilla/5.0 (Macintosh; Intel Mac OS X 10_11_1) AppleWebKit/537.36 (KHTML, like Gecko) Chrome/52.0.2743.116 Safari/537.36",float64,0,7
"user_device_share_Mozilla/5.0 (Macintosh; Intel Mac OS X 10_11_1) AppleWebKit/537.36 (KHTML, like Gecko) Chrome/52.0.2743.82 Safari/537.36",float64,0,2
"user_device_share_Mozilla/5.0 (Macintosh; Intel Mac OS X 10_11_1) AppleWebKit/537.36 (KHTML, like Gecko) Chrome/53.0.2785.101 Safari/537.36",float64,0,4
"user_device_share_Mozilla/5.0 (Macintosh; Intel Mac OS X 10_11_1) AppleWebKit/537.36 (KHTML, like Gecko) Chrome/53.0.2785.116 Safari/537.36",float64,0,3
"user_device_share_Mozilla/5.0 (Macintosh; Intel Mac OS X 10_11_1) AppleWebKit/537.36 (KHTML, like Gecko) Chrome/53.0.2785.143 Safari/537.36",float64,0,3
"user_device_share_Mozilla/5.0 (Macintosh; Intel Mac OS X 10_11_1) AppleWebKit/537.36 (KHTML, like Gecko) Chrome/53.0.2785.89 Safari/537.36",float64,0,2
"user_device_share_Mozilla/5.0 (Macintosh; Intel Mac OS X 10_11_1) AppleWebKit/537.36 (KHTML, like Gecko) Chrome/54.0.2840.71 Safari/537.36",float64,0,3
"user_device_share_Mozilla/5.0 (Macintosh; Intel Mac OS X 10_11_1) AppleWebKit/537.36 (KHTML, like Gecko) Chrome/54.0.2840.98 Safari/537.36",float64,0,4
"user_device_share_Mozilla/5.0 (Macintosh; Intel Mac OS X 10_11_1) AppleWebKit/537.36 (KHTML, like Gecko) Chrome/55.0.2883.95 Safari/537.36",float64,0,4
"user_device_share_Mozilla/5.0 (Macintosh; Intel Mac OS X 10_11_1) AppleWebKit/601.2.7 (KHTML, like Gecko) Version/9.0.1 Safari/601.2.7",float64,0,5
"user_device_share_Mozilla/5.0 (Macintosh; Intel Mac OS X 10_11_2) AppleWebKit/537.36 (KHTML, like Gecko) Chrome/48.0.2564.116 Safari/537.36",float64,0,2
"user_device_share_Mozilla/5.0 (Macintosh; Intel Mac OS X 10_11_2) AppleWebKit/537.36 (KHTML, like Gecko) Chrome/48.0.2564.97 Safari/537.36",float64,0,2
"user_device_share_Mozilla/5.0 (Macintosh; Intel Mac OS X 10_11_2) AppleWebKit/537.36 (KHTML, like Gecko) Chrome/49.0.2623.110 Safari/537.36",float64,0,5
"user_device_share_Mozilla/5.0 (Macintosh; Intel Mac OS X 10_11_2) AppleWebKit/537.36 (KHTML, like Gecko) Chrome/49.0.2623.112 Safari/537.36",float64,0,5
"user_device_share_Mozilla/5.0 (Macintosh; Intel Mac OS X 10_11_2) AppleWebKit/537.36 (KHTML, like Gecko) Chrome/49.0.2623.87 Safari/537.36",float64,0,5
"user_device_share_Mozilla/5.0 (Macintosh; Intel Mac OS X 10_11_2) AppleWebKit/537.36 (KHTML, like Gecko) Chrome/50.0.2661.102 Safari/537.36",float64,0,2
"user_device_share_Mozilla/5.0 (Macintosh; Intel Mac OS X 10_11_2) AppleWebKit/537.36 (KHTML, like Gecko) Chrome/50.0.2661.49 Safari/537.36",float64,0,2
"user_device_share_Mozilla/5.0 (Macintosh; Intel Mac OS X 10_11_2) AppleWebKit/537.36 (KHTML, like Gecko) Chrome/50.0.2661.57 Safari/537.36",float64,0,2
"user_device_share_Mozilla/5.0 (Macintosh; Intel Mac OS X 10_11_2) AppleWebKit/537.36 (KHTML, like Gecko) Chrome/50.0.2661.66 Safari/537.36",float64,0,2
"user_device_share_Mozilla/5.0 (Macintosh; Intel Mac OS X 10_11_2) AppleWebKit/537.36 (KHTML, like Gecko) Chrome/50.0.2661.75 Safari/537.36",float64,0,2
"user_device_share_Mozilla/5.0 (Macintosh; Intel Mac OS X 10_11_2) AppleWebKit/537.36 (KHTML, like Gecko) Chrome/50.0.2661.86 Safari/537.36",float64,0,3
"user_device_share_Mozilla/5.0 (Macintosh; Intel Mac OS X 10_11_2) AppleWebKit/537.36 (KHTML, like Gecko) Chrome/50.0.2661.94 Safari/537.36",float64,0,4
"user_device_share_Mozilla/5.0 (Macintosh; Intel Mac OS X 10_11_2) AppleWebKit/537.36 (KHTML, like Gecko) Chrome/51.0.2704.103 Safari/537.36",float64,0,3
"user_device_share_Mozilla/5.0 (Macintosh; Intel Mac OS X 10_11_2) AppleWebKit/537.36 (KHTML, like Gecko) Chrome/51.0.2704.22 Safari/537.36",float64,0,2
"user_device_share_Mozilla/5.0 (Macintosh; Intel Mac OS X 10_11_2) AppleWebKit/537.36 (KHTML, like Gecko) Chrome/51.0.2704.29 Safari/537.36",float64,0,2
"user_device_share_Mozilla/5.0 (Macintosh; Intel Mac OS X 10_11_2) AppleWebKit/537.36 (KHTML, like Gecko) Chrome/51.0.2704.36 Safari/537.36",float64,0,2
"user_device_share_Mozilla/5.0 (Macintosh; Intel Mac OS X 10_11_2) AppleWebKit/537.36 (KHTML, like Gecko) Chrome/51.0.2704.47 Safari/537.36",float64,0,2
"user_device_share_Mozilla/5.0 (Macintosh; Intel Mac OS X 10_11_2) AppleWebKit/537.36 (KHTML, like Gecko) Chrome/51.0.2704.54 Safari/537.36",float64,0,2
"user_device_share_Mozilla/5.0 (Macintosh; Intel Mac OS X 10_11_2) AppleWebKit/537.36 (KHTML, like Gecko) Chrome/51.0.2704.63 Safari/537.36",float64,0,2
"user_device_share_Mozilla/5.0 (Macintosh; Intel Mac OS X 10_11_2) AppleWebKit/537.36 (KHTML, like Gecko) Chrome/51.0.2704.79 Safari/537.36",float64,0,2
"user_device_share_Mozilla/5.0 (Macintosh; Intel Mac OS X 10_11_2) AppleWebKit/537.36 (KHTML, like Gecko) Chrome/52.0.2743.116 Safari/537.36",float64,0,2
"user_device_share_Mozilla/5.0 (Macintosh; Intel Mac OS X 10_11_2) AppleWebKit/537.36 (KHTML, like Gecko) Chrome/52.0.2743.24 Safari/537.36",float64,0,2
"user_device_share_Mozilla/5.0 (Macintosh; Intel Mac OS X 10_11_2) AppleWebKit/537.36 (KHTML, like Gecko) Chrome/52.0.2743.33 Safari/537.36",float64,0,2
"user_device_share_Mozilla/5.0 (Macintosh; Intel Mac OS X 10_11_2) AppleWebKit/537.36 (KHTML, like Gecko) Chrome/52.0.2743.41 Safari/537.36",float64,0,2
"user_device_share_Mozilla/5.0 (Macintosh; Intel Mac OS X 10_11_2) AppleWebKit/537.36 (KHTML, like Gecko) Chrome/52.0.2743.49 Safari/537.36",float64,0,2
"user_device_share_Mozilla/5.0 (Macintosh; Intel Mac OS X 10_11_2) AppleWebKit/537.36 (KHTML, like Gecko) Chrome/52.0.2743.60 Safari/537.36",float64,0,2
"user_device_share_Mozilla/5.0 (Macintosh; Intel Mac OS X 10_11_2) AppleWebKit/537.36 (KHTML, like Gecko) Chrome/52.0.2743.75 Safari/537.36",float64,0,2
"user_device_share_Mozilla/5.0 (Macintosh; Intel Mac OS X 10_11_2) AppleWebKit/537.36 (KHTML, like Gecko) Chrome/52.0.2743.82 Safari/537.36",float64,0,2
"user_device_share_Mozilla/5.0 (Macintosh; Intel Mac OS X 10_11_2) AppleWebKit/537.36 (KHTML, like Gecko) Chrome/53.0.2758.0 Safari/537.36",float64,0,2
"user_device_share_Mozilla/5.0 (Macintosh; Intel Mac OS X 10_11_2) AppleWebKit/537.36 (KHTML, like Gecko) Chrome/53.0.2785.46 Safari/537.36",float64,0,2
"user_device_share_Mozilla/5.0 (Macintosh; Intel Mac OS X 10_11_2) AppleWebKit/537.36 (KHTML, like Gecko) Chrome/53.0.2785.57 Safari/537.36",float64,0,2
"user_device_share_Mozilla/5.0 (Macintosh; Intel Mac OS X 10_11_2) AppleWebKit/537.36 (KHTML, like Gecko) Chrome/53.0.2785.70 Safari/537.36",float64,0,2
"user_device_share_Mozilla/5.0 (Macintosh; Intel Mac OS X 10_11_2) AppleWebKit/537.36 (KHTML, like Gecko) Chrome/53.0.2785.80 Safari/537.36",float64,0,2
"user_device_share_Mozilla/5.0 (Macintosh; Intel Mac OS X 10_11_2) AppleWebKit/537.36 (KHTML, like Gecko) Chrome/53.0.2785.89 Safari/537.36",float64,0,2
"user_device_share_Mozilla/5.0 (Macintosh; Intel Mac OS X 10_11_2) AppleWebKit/537.36 (KHTML, like Gecko) Chrome/54.0.2840.16 Safari/537.36",float64,0,2
"user_device_share_Mozilla/5.0 (Macintosh; Intel Mac OS X 10_11_2) AppleWebKit/537.36 (KHTML, like Gecko) Chrome/54.0.2840.27 Safari/537.36",float64,0,2
"user_device_share_Mozilla/5.0 (Macintosh; Intel Mac OS X 10_11_2) AppleWebKit/537.36 (KHTML, like Gecko) Chrome/54.0.2840.34 Safari/537.36",float64,0,2
"user_device_share_Mozilla/5.0 (Macintosh; Intel Mac OS X 10_11_2) AppleWebKit/537.36 (KHTML, like Gecko) Chrome/54.0.2840.41 Safari/537.36",float64,0,2
"user_device_share_Mozilla/5.0 (Macintosh; Intel Mac OS X 10_11_2) AppleWebKit/537.36 (KHTML, like Gecko) Chrome/54.0.2840.50 Safari/537.36",float64,0,2
"user_device_share_Mozilla/5.0 (Macintosh; Intel Mac OS X 10_11_2) AppleWebKit/537.36 (KHTML, like Gecko) Chrome/54.0.2840.59 Safari/537.36",float64,0,2
"user_device_share_Mozilla/5.0 (Macintosh; Intel Mac OS X 10_11_2) AppleWebKit/537.36 (KHTML, like Gecko) Chrome/56.0.2924.28 Safari/537.36",float64,0,2
"user_device_share_Mozilla/5.0 (Macintosh; Intel Mac OS X 10_11_2) AppleWebKit/537.36 (KHTML, like Gecko) Chrome/56.0.2924.51 Safari/537.36",float64,0,2
"user_device_share_Mozilla/5.0 (Macintosh; Intel Mac OS X 10_11_2) AppleWebKit/537.36 (KHTML, like Gecko) Chrome/56.0.2924.67 Safari/537.36",float64,0,2
"user_device_share_Mozilla/5.0 (Macintosh; Intel Mac OS X 10_11_2) AppleWebKit/537.36 (KHTML, like Gecko) SmartCanvas/0.1.0 Chrome/49.0.2623.75 Electron/0.37.2 Safari/537.36",float64,0,2
"user_device_share_Mozilla/5.0 (Macintosh; Intel Mac OS X 10_11_2) AppleWebKit/537.36 (KHTML, like Gecko) SmartCanvas/0.10.0 Chrome/47.0.2526.110 Electron/0.36.9 Safari/537.36",float64,0,2
"user_device_share_Mozilla/5.0 (Macintosh; Intel Mac OS X 10_11_2) AppleWebKit/601.3.9 (KHTML, like Gecko) Version/9.0.2 Safari/601.3.9",float64,0,3
"user_device_share_Mozilla/5.0 (Macintosh; Intel Mac OS X 10_11_3) AppleWebKit/537.36 (KHTML, like Gecko) Chrome/48.0.2564.109 Safari/537.36",float64,0,2
"user_device_share_Mozilla/5.0 (Macintosh; Intel Mac OS X 10_11_3) AppleWebKit/537.36 (KHTML, like Gecko) Chrome/48.0.2564.116 Safari/537.36",float64,0,4
"user_device_share_Mozilla/5.0 (Macintosh; Intel Mac OS X 10_11_3) AppleWebKit/537.36 (KHTML, like Gecko) Chrome/49.0.2623.110 Safari/537.36",float64,0,14
"user_device_share_Mozilla/5.0 (Macintosh; Intel Mac OS X 10_11_3) AppleWebKit/537.36 (KHTML, like Gecko) Chrome/49.0.2623.112 Safari/537.36",float64,0,13
"user_device_share_Mozilla/5.0 (Macintosh; Intel Mac OS X 10_11_3) AppleWebKit/537.36 (KHTML, like Gecko) Chrome/49.0.2623.87 Safari/537.36",float64,0,15
"user_device_share_Mozilla/5.0 (Macintosh; Intel Mac OS X 10_11_3) AppleWebKit/537.36 (KHTML, like Gecko) Chrome/50.0.2661.102 Safari/537.36",float64,0,14
"user_device_share_Mozilla/5.0 (Macintosh; Intel Mac OS X 10_11_3) AppleWebKit/537.36 (KHTML, like Gecko) Chrome/50.0.2661.75 Safari/537.36",float64,0,2
"user_device_share_Mozilla/5.0 (Macintosh; Intel Mac OS X 10_11_3) AppleWebKit/537.36 (KHTML, like Gecko) Chrome/50.0.2661.86 Safari/537.36",float64,0,11
"user_device_share_Mozilla/5.0 (Macintosh; Intel Mac OS X 10_11_3) AppleWebKit/537.36 (KHTML, like Gecko) Chrome/50.0.2661.89 Safari/537.36 Vivaldi/1.1.453.47",float64,0,2
"user_device_share_Mozilla/5.0 (Macintosh; Intel Mac OS X 10_11_3) AppleWebKit/537.36 (KHTML, like Gecko) Chrome/50.0.2661.94 Safari/537.36",float64,0,11
"user_device_share_Mozilla/5.0 (Macintosh; Intel Mac OS X 10_11_3) AppleWebKit/537.36 (KHTML, like Gecko) Chrome/51.0.2704.103 Safari/537.36",float64,0,8
"user_device_share_Mozilla/5.0 (Macintosh; Intel Mac OS X 10_11_3) AppleWebKit/537.36 (KHTML, like Gecko) Chrome/51.0.2704.79 Safari/537.36",float64,0,2
"user_device_share_Mozilla/5.0 (Macintosh; Intel Mac OS X 10_11_3) AppleWebKit/537.36 (KHTML, like Gecko) Chrome/51.0.2704.84 Safari/537.36",float64,0,4
"user_device_share_Mozilla/5.0 (Macintosh; Intel Mac OS X 10_11_3) AppleWebKit/537.36 (KHTML, like Gecko) Chrome/52.0.2743.116 Safari/537.36",float64,0,10
"user_device_share_Mozilla/5.0 (Macintosh; Intel Mac OS X 10_11_3) AppleWebKit/537.36 (KHTML, like Gecko) Chrome/53.0.2785.101 Safari/537.36",float64,0,2
"user_device_share_Mozilla/5.0 (Macintosh; Intel Mac OS X 10_11_3) AppleWebKit/537.36 (KHTML, like Gecko) Chrome/53.0.2785.116 Safari/537.36",float64,0,6
"user_device_share_Mozilla/5.0 (Macintosh; Intel Mac OS X 10_11_3) AppleWebKit/537.36 (KHTML, like Gecko) Chrome/53.0.2785.143 Safari/537.36",float64,0,6
"user_device_share_Mozilla/5.0 (Macintosh; Intel Mac OS X 10_11_3) AppleWebKit/537.36 (KHTML, like Gecko) Chrome/53.0.2785.89 Safari/537.36",float64,0,2
"user_device_share_Mozilla/5.0 (Macintosh; Intel Mac OS X 10_11_3) AppleWebKit/537.36 (KHTML, like Gecko) Chrome/54.0.2840.71 Safari/537.36",float64,0,5
"user_device_share_Mozilla/5.0 (Macintosh; Intel Mac OS X 10_11_3) AppleWebKit/537.36 (KHTML, like Gecko) Chrome/54.0.2840.98 Safari/537.36",float64,0,5
"user_device_share_Mozilla/5.0 (Macintosh; Intel Mac OS X 10_11_3) AppleWebKit/537.36 (KHTML, like Gecko) Chrome/55.0.2883.95 Safari/537.36",float64,0,6
"user_device_share_Mozilla/5.0 (Macintosh; Intel Mac OS X 10_11_3) AppleWebKit/537.36 (KHTML, like Gecko) Chrome/56.0.2924.87 Safari/537.36",float64,0,4
"user_device_share_Mozilla/5.0 (Macintosh; Intel Mac OS X 10_11_3) AppleWebKit/601.4.4 (KHTML, like Gecko) Version/9.0.3 Safari/601.4.4",float64,0,5
"user_device_share_Mozilla/5.0 (Macintosh; Intel Mac OS X 10_11_4) AppleWebKit/537.36 (KHTML, like Gecko) Chrome/48.0.2564.109 Safari/537.36",float64,0,2
"user_device_share_Mozilla/5.0 (Macintosh; Intel Mac OS X 10_11_4) AppleWebKit/537.36 (KHTML, like Gecko) Chrome/48.0.2564.116 Safari/537.36",float64,0,2
"user_device_share_Mozilla/5.0 (Macintosh; Intel Mac OS X 10_11_4) AppleWebKit/537.36 (KHTML, like Gecko) Chrome/48.0.2564.97 Safari/537.36",float64,0,2
"user_device_share_Mozilla/5.0 (Macintosh; Intel Mac OS X 10_11_4) AppleWebKit/537.36 (KHTML, like Gecko) Chrome/49.0.2623.108 Safari/537.36",float64,0,2
"user_device_share_Mozilla/5.0 (Macintosh; Intel Mac OS X 10_11_4) AppleWebKit/537.36 (KHTML, like Gecko) Chrome/49.0.2623.110 Safari/537.36",float64,0,29
"user_device_share_Mozilla/5.0 (Macintosh; Intel Mac OS X 10_11_4) AppleWebKit/537.36 (KHTML, like Gecko) Chrome/49.0.2623.112 Safari/537.36",float64,0,46
"user_device_share_Mozilla/5.0 (Macintosh; Intel Mac OS X 10_11_4) AppleWebKit/537.36 (KHTML, like Gecko) Chrome/49.0.2623.75 Safari/537.36",float64,0,2
"user_device_share_Mozilla/5.0 (Macintosh; Intel Mac OS X 10_11_4) AppleWebKit/537.36 (KHTML, like Gecko) Chrome/49.0.2623.87 Safari/537.36",float64,0,16
"user_device_share_Mozilla/5.0 (Macintosh; Intel Mac OS X 10_11_4) AppleWebKit/537.36 (KHTML, like Gecko) Chrome/50.0.2661.102 Safari/537.36",float64,0,61
"user_device_share_Mozilla/5.0 (Macintosh; Intel Mac OS X 10_11_4) AppleWebKit/537.36 (KHTML, like Gecko) Chrome/50.0.2661.57 Safari/537.36",float64,0,2
"user_device_share_Mozilla/5.0 (Macintosh; Intel Mac OS X 10_11_4) AppleWebKit/537.36 (KHTML, like Gecko) Chrome/50.0.2661.66 Safari/537.36",float64,0,2
"user_device_share_Mozilla/5.0 (Macintosh; Intel Mac OS X 10_11_4) AppleWebKit/537.36 (KHTML, like Gecko) Chrome/50.0.2661.75 Safari/537.36",float64,0,5
"user_device_share_Mozilla/5.0 (Macintosh; Intel Mac OS X 10_11_4) AppleWebKit/537.36 (KHTML, like Gecko) Chrome/50.0.2661.86 Safari/537.36",float64,0,54
"user_device_share_Mozilla/5.0 (Macintosh; Intel Mac OS X 10_11_4) AppleWebKit/537.36 (KHTML, like Gecko) Chrome/50.0.2661.94 Safari/537.36",float64,0,56
"user_device_share_Mozilla/5.0 (Macintosh; Intel Mac OS X 10_11_4) AppleWebKit/537.36 (KHTML, like Gecko) Chrome/51.0.2693.2 Safari/537.36",float64,0,2
"user_device_share_Mozilla/5.0 (Macintosh; Intel Mac OS X 10_11_4) AppleWebKit/537.36 (KHTML, like Gecko) Chrome/51.0.2695.1 Safari/537.36",float64,0,2
"user_device_share_Mozilla/5.0 (Macintosh; Intel Mac OS X 10_11_4) AppleWebKit/537.36 (KHTML, like Gecko) Chrome/51.0.2699.0 Safari/537.36",float64,0,2
"user_device_share_Mozilla/5.0 (Macintosh; Intel Mac OS X 10_11_4) AppleWebKit/537.36 (KHTML, like Gecko) Chrome/51.0.2700.0 Safari/537.36",float64,0,2
"user_device_share_Mozilla/5.0 (Macintosh; Intel Mac OS X 10_11_4) AppleWebKit/537.36 (KHTML, like Gecko) Chrome/51.0.2701.0 Safari/537.36",float64,0,2
"user_device_share_Mozilla/5.0 (Macintosh; Intel Mac OS X 10_11_4) AppleWebKit/537.36 (KHTML, like Gecko) Chrome/51.0.2703.0 Safari/537.36",float64,0,2
"user_device_share_Mozilla/5.0 (Macintosh; Intel Mac OS X 10_11_4) AppleWebKit/537.36 (KHTML, like Gecko) Chrome/51.0.2704.103 Safari/537.36",float64,0,27
"user_device_share_Mozilla/5.0 (Macintosh; Intel Mac OS X 10_11_4) AppleWebKit/537.36 (KHTML, like Gecko) Chrome/51.0.2704.106 Safari/537.36",float64,0,4
"user_device_share_Mozilla/5.0 (Macintosh; Intel Mac OS X 10_11_4) AppleWebKit/537.36 (KHTML, like Gecko) Chrome/51.0.2704.22 Safari/537.36",float64,0,2
"user_device_share_Mozilla/5.0 (Macintosh; Intel Mac OS X 10_11_4) AppleWebKit/537.36 (KHTML, like Gecko) Chrome/51.0.2704.29 Safari/537.36",float64,0,2
"user_device_share_Mozilla/5.0 (Macintosh; Intel Mac OS X 10_11_4) AppleWebKit/537.36 (KHTML, like Gecko) Chrome/51.0.2704.36 Safari/537.36",float64,0,3
"user_device_share_Mozilla/5.0 (Macintosh; Intel Mac OS X 10_11_4) AppleWebKit/537.36 (KHTML, like Gecko) Chrome/51.0.2704.47 Safari/537.36",float64,0,2
"user_device_share_Mozilla/5.0 (Macintosh; Intel Mac OS X 10_11_4) AppleWebKit/537.36 (KHTML, like Gecko) Chrome/51.0.2704.63 Safari/537.36",float64,0,4
"user_device_share_Mozilla/5.0 (Macintosh; Intel Mac OS X 10_11_4) AppleWebKit/537.36 (KHTML, like Gecko) Chrome/51.0.2704.79 Safari/537.36",float64,0,8
"user_device_share_Mozilla/5.0 (Macintosh; Intel Mac OS X 10_11_4) AppleWebKit/537.36 (KHTML, like Gecko) Chrome/51.0.2704.84 Safari/537.36",float64,0,16
"user_device_share_Mozilla/5.0 (Macintosh; Intel Mac OS X 10_11_4) AppleWebKit/537.36 (KHTML, like Gecko) Chrome/52.0.2743.116 Safari/537.36",float64,0,12
"user_device_share_Mozilla/5.0 (Macintosh; Intel Mac OS X 10_11_4) AppleWebKit/537.36 (KHTML, like Gecko) Chrome/52.0.2743.49 Safari/537.36",float64,0,3
"user_device_share_Mozilla/5.0 (Macintosh; Intel Mac OS X 10_11_4) AppleWebKit/537.36 (KHTML, like Gecko) Chrome/52.0.2743.60 Safari/537.36",float64,0,2
"user_device_share_Mozilla/5.0 (Macintosh; Intel Mac OS X 10_11_4) AppleWebKit/537.36 (KHTML, like Gecko) Chrome/52.0.2743.75 Safari/537.36",float64,0,2
"user_device_share_Mozilla/5.0 (Macintosh; Intel Mac OS X 10_11_4) AppleWebKit/537.36 (KHTML, like Gecko) Chrome/52.0.2743.82 Safari/537.36",float64,0,4
"user_device_share_Mozilla/5.0 (Macintosh; Intel Mac OS X 10_11_4) AppleWebKit/537.36 (KHTML, like Gecko) Chrome/53.0.2785.101 Safari/537.36",float64,0,2
"user_device_share_Mozilla/5.0 (Macintosh; Intel Mac OS X 10_11_4) AppleWebKit/537.36 (KHTML, like Gecko) Chrome/53.0.2785.116 Safari/537.36",float64,0,8
"user_device_share_Mozilla/5.0 (Macintosh; Intel Mac OS X 10_11_4) AppleWebKit/537.36 (KHTML, like Gecko) Chrome/53.0.2785.143 Safari/537.36",float64,0,5
"user_device_share_Mozilla/5.0 (Macintosh; Intel Mac OS X 10_11_4) AppleWebKit/537.36 (KHTML, like Gecko) Chrome/53.0.2785.46 Safari/537.36",float64,0,2
"user_device_share_Mozilla/5.0 (Macintosh; Intel Mac OS X 10_11_4) AppleWebKit/537.36 (KHTML, like Gecko) Chrome/54.0.2840.59 Safari/537.36",float64,0,2
"user_device_share_Mozilla/5.0 (Macintosh; Intel Mac OS X 10_11_4) AppleWebKit/537.36 (KHTML, like Gecko) Chrome/54.0.2840.71 Safari/537.36",float64,0,5
"user_device_share_Mozilla/5.0 (Macintosh; Intel Mac OS X 10_11_4) AppleWebKit/537.36 (KHTML, like Gecko) Chrome/54.0.2840.98 Safari/537.36",float64,0,3
"user_device_share_Mozilla/5.0 (Macintosh; Intel Mac OS X 10_11_4) AppleWebKit/537.36 (KHTML, like Gecko) Chrome/55.0.2883.95 Safari/537.36",float64,0,3
"user_device_share_Mozilla/5.0 (Macintosh; Intel Mac OS X 10_11_4) AppleWebKit/537.36 (KHTML, like Gecko) Chrome/56.0.2924.87 Safari/537.36",float64,0,2
"user_device_share_Mozilla/5.0 (Macintosh; Intel Mac OS X 10_11_4) AppleWebKit/537.36 (KHTML, like Gecko) SmartCanvas/0.1.0 Chrome/49.0.2623.75 Electron/0.37.2 Safari/537.36",float64,0,4
"user_device_share_Mozilla/5.0 (Macintosh; Intel Mac OS X 10_11_4) AppleWebKit/537.36 (KHTML, like Gecko) SmartCanvas/0.10.0 Chrome/47.0.2526.110 Electron/0.36.9 Safari/537.36",float64,0,4
"user_device_share_Mozilla/5.0 (Macintosh; Intel Mac OS X 10_11_4) AppleWebKit/601.5.17 (KHTML, like Gecko) Version/9.1 Safari/601.5.17",float64,0,7
"user_device_share_Mozilla/5.0 (Macintosh; Intel Mac OS X 10_11_5) AppleWebKit/537.36 (KHTML, like Gecko) Chrome/48.0.2564.116 Safari/537.36",float64,0,2
"user_device_share_Mozilla/5.0 (Macintosh; Intel Mac OS X 10_11_5) AppleWebKit/537.36 (KHTML, like Gecko) Chrome/49.0.2623.110 Safari/537.36",float64,0,3
"user_device_share_Mozilla/5.0 (Macintosh; Intel Mac OS X 10_11_5) AppleWebKit/537.36 (KHTML, like Gecko) Chrome/50.0.2661.102 Safari/537.36",float64,0,58
"user_device_share_Mozilla/5.0 (Macintosh; Intel Mac OS X 10_11_5) AppleWebKit/537.36 (KHTML, like Gecko) Chrome/51.0.2704.103 Safari/537.36",float64,0,76
"user_device_share_Mozilla/5.0 (Macintosh; Intel Mac OS X 10_11_5) AppleWebKit/537.36 (KHTML, like Gecko) Chrome/51.0.2704.106 Safari/537.36",float64,0,22
"user_device_share_Mozilla/5.0 (Macintosh; Intel Mac OS X 10_11_5) AppleWebKit/537.36 (KHTML, like Gecko) Chrome/51.0.2704.54 Safari/537.36",float64,0,2
"user_device_share_Mozilla/5.0 (Macintosh; Intel Mac OS X 10_11_5) AppleWebKit/537.36 (KHTML, like Gecko) Chrome/51.0.2704.63 Safari/537.36",float64,0,6
"user_device_share_Mozilla/5.0 (Macintosh; Intel Mac OS X 10_11_5) AppleWebKit/537.36 (KHTML, like Gecko) Chrome/51.0.2704.79 Safari/537.36",float64,0,5
"user_device_share_Mozilla/5.0 (Macintosh; Intel Mac OS X 10_11_5) AppleWebKit/537.36 (KHTML, like Gecko) Chrome/51.0.2704.84 Safari/537.36",float64,0,47
"user_device_share_Mozilla/5.0 (Macintosh; Intel Mac OS X 10_11_5) AppleWebKit/537.36 (KHTML, like Gecko) Chrome/52.0.2743.116 Safari/537.36",float64,0,27
"user_device_share_Mozilla/5.0 (Macintosh; Intel Mac OS X 10_11_5) AppleWebKit/537.36 (KHTML, like Gecko) Chrome/52.0.2743.24 Safari/537.36",float64,0,3
"user_device_share_Mozilla/5.0 (Macintosh; Intel Mac OS X 10_11_5) AppleWebKit/537.36 (KHTML, like Gecko) Chrome/52.0.2743.41 Safari/537.36",float64,0,3
"user_device_share_Mozilla/5.0 (Macintosh; Intel Mac OS X 10_11_5) AppleWebKit/537.36 (KHTML, like Gecko) Chrome/52.0.2743.49 Safari/537.36",float64,0,2
"user_device_share_Mozilla/5.0 (Macintosh; Intel Mac OS X 10_11_5) AppleWebKit/537.36 (KHTML, like Gecko) Chrome/52.0.2743.60 Safari/537.36",float64,0,4
"user_device_share_Mozilla/5.0 (Macintosh; Intel Mac OS X 10_11_5) AppleWebKit/537.36 (KHTML, like Gecko) Chrome/52.0.2743.75 Safari/537.36",float64,0,2
"user_device_share_Mozilla/5.0 (Macintosh; Intel Mac OS X 10_11_5) AppleWebKit/537.36 (KHTML, like Gecko) Chrome/52.0.2743.82 Safari/537.36",float64,0,3
"user_device_share_Mozilla/5.0 (Macintosh; Intel Mac OS X 10_11_5) AppleWebKit/537.36 (KHTML, like Gecko) Chrome/53.0.2754.0 Safari/537.36",float64,0,2
"user_device_share_Mozilla/5.0 (Macintosh; Intel Mac OS X 10_11_5) AppleWebKit/537.36 (KHTML, like Gecko) Chrome/53.0.2764.0 Safari/537.36",float64,0,2
"user_device_share_Mozilla/5.0 (Macintosh; Intel Mac OS X 10_11_5) AppleWebKit/537.36 (KHTML, like Gecko) Chrome/53.0.2767.0 Safari/537.36",float64,0,2
"user_device_share_Mozilla/5.0 (Macintosh; Intel Mac OS X 10_11_5) AppleWebKit/537.36 (KHTML, like Gecko) Chrome/53.0.2773.0 Safari/537.36",float64,0,2
"user_device_share_Mozilla/5.0 (Macintosh; Intel Mac OS X 10_11_5) AppleWebKit/537.36 (KHTML, like Gecko) Chrome/53.0.2782.0 Safari/537.36",float64,0,2
"user_device_share_Mozilla/5.0 (Macintosh; Intel Mac OS X 10_11_5) AppleWebKit/537.36 (KHTML, like Gecko) Chrome/53.0.2785.101 Safari/537.36",float64,0,2
"user_device_share_Mozilla/5.0 (Macintosh; Intel Mac OS X 10_11_5) AppleWebKit/537.36 (KHTML, like Gecko) Chrome/53.0.2785.116 Safari/537.36",float64,0,7
"user_device_share_Mozilla/5.0 (Macintosh; Intel Mac OS X 10_11_5) AppleWebKit/537.36 (KHTML, like Gecko) Chrome/53.0.2785.143 Safari/537.36",float64,0,6
"user_device_share_Mozilla/5.0 (Macintosh; Intel Mac OS X 10_11_5) AppleWebKit/537.36 (KHTML, like Gecko) Chrome/53.0.2785.57 Safari/537.36",float64,0,2
"user_device_share_Mozilla/5.0 (Macintosh; Intel Mac OS X 10_11_5) AppleWebKit/537.36 (KHTML, like Gecko) Chrome/54.0.2789.0 Safari/537.36",float64,0,2
"user_device_share_Mozilla/5.0 (Macintosh; Intel Mac OS X 10_11_5) AppleWebKit/537.36 (KHTML, like Gecko) Chrome/54.0.2794.0 Safari/537.36",float64,0,2
"user_device_share_Mozilla/5.0 (Macintosh; Intel Mac OS X 10_11_5) AppleWebKit/537.36 (KHTML, like Gecko) Chrome/54.0.2840.71 Safari/537.36",float64,0,7
"user_device_share_Mozilla/5.0 (Macintosh; Intel Mac OS X 10_11_5) AppleWebKit/537.36 (KHTML, like Gecko) Chrome/54.0.2840.87 Safari/537.36",float64,0,3
"user_device_share_Mozilla/5.0 (Macintosh; Intel Mac OS X 10_11_5) AppleWebKit/537.36 (KHTML, like Gecko) Chrome/54.0.2840.98 Safari/537.36",float64,0,5
"user_device_share_Mozilla/5.0 (Macintosh; Intel Mac OS X 10_11_5) AppleWebKit/537.36 (KHTML, like Gecko) Chrome/55.0.2883.59 Safari/537.36",float64,0,2
"user_device_share_Mozilla/5.0 (Macintosh; Intel Mac OS X 10_11_5) AppleWebKit/537.36 (KHTML, like Gecko) Chrome/55.0.2883.95 Safari/537.36",float64,0,4
"user_device_share_Mozilla/5.0 (Macintosh; Intel Mac OS X 10_11_5) AppleWebKit/537.36 (KHTML, like Gecko) SmartCanvas/0.1.0 Chrome/49.0.2623.75 Electron/0.37.2 Safari/537.36",float64,0,3
"user_device_share_Mozilla/5.0 (Macintosh; Intel Mac OS X 10_11_5) AppleWebKit/537.36 (KHTML, like Gecko) SmartCanvas/0.10.0 Chrome/47.0.2526.110 Electron/0.36.9 Safari/537.36",float64,0,2
"user_device_share_Mozilla/5.0 (Macintosh; Intel Mac OS X 10_11_5) AppleWebKit/601.6.17 (KHTML, like Gecko) Version/9.1.1 Safari/601.6.17",float64,0,17
"user_device_share_Mozilla/5.0 (Macintosh; Intel Mac OS X 10_11_6) AppleWebKit/537.36 (KHTML, like Gecko) Chrome/48.0.2564.48 Safari/537.36",float64,0,2
"user_device_share_Mozilla/5.0 (Macintosh; Intel Mac OS X 10_11_6) AppleWebKit/537.36 (KHTML, like Gecko) Chrome/49.0.2623.110 Safari/537.36",float64,0,2
"user_device_share_Mozilla/5.0 (Macintosh; Intel Mac OS X 10_11_6) AppleWebKit/537.36 (KHTML, like Gecko) Chrome/51.0.2704.103 Safari/537.36",float64,0,37
"user_device_share_Mozilla/5.0 (Macintosh; Intel Mac OS X 10_11_6) AppleWebKit/537.36 (KHTML, like Gecko) Chrome/51.0.2704.106 Safari/537.36",float64,0,8
"user_device_share_Mozilla/5.0 (Macintosh; Intel Mac OS X 10_11_6) AppleWebKit/537.36 (KHTML, like Gecko) Chrome/51.0.2704.84 Safari/537.36",float64,0,2
"user_device_share_Mozilla/5.0 (Macintosh; Intel Mac OS X 10_11_6) AppleWebKit/537.36 (KHTML, like Gecko) Chrome/52.0.2743.116 Safari/537.36",float64,0,67
"user_device_share_Mozilla/5.0 (Macintosh; Intel Mac OS X 10_11_6) AppleWebKit/537.36 (KHTML, like Gecko) Chrome/52.0.2743.82 Safari/537.36",float64,0,10
"user_device_share_Mozilla/5.0 (Macintosh; Intel Mac OS X 10_11_6) AppleWebKit/537.36 (KHTML, like Gecko) Chrome/53.0.2785.101 Safari/537.36",float64,0,10
"user_device_share_Mozilla/5.0 (Macintosh; Intel Mac OS X 10_11_6) AppleWebKit/537.36 (KHTML, like Gecko) Chrome/53.0.2785.116 Safari/537.36",float64,0,59
"user_device_share_Mozilla/5.0 (Macintosh; Intel Mac OS X 10_11_6) AppleWebKit/537.36 (KHTML, like Gecko) Chrome/53.0.2785.143 Safari/537.36",float64,0,40
"user_device_share_Mozilla/5.0 (Macintosh; Intel Mac OS X 10_11_6) AppleWebKit/537.36 (KHTML, like Gecko) Chrome/53.0.2785.34 Safari/537.36",float64,0,2
"user_device_share_Mozilla/5.0 (Macintosh; Intel Mac OS X 10_11_6) AppleWebKit/537.36 (KHTML, like Gecko) Chrome/53.0.2785.46 Safari/537.36",float64,0,2
"user_device_share_Mozilla/5.0 (Macintosh; Intel Mac OS X 10_11_6) AppleWebKit/537.36 (KHTML, like Gecko) Chrome/53.0.2785.70 Safari/537.36",float64,0,3
"user_device_share_Mozilla/5.0 (Macintosh; Intel Mac OS X 10_11_6) AppleWebKit/537.36 (KHTML, like Gecko) Chrome/53.0.2785.80 Safari/537.36",float64,0,4
"user_device_share_Mozilla/5.0 (Macintosh; Intel Mac OS X 10_11_6) AppleWebKit/537.36 (KHTML, like Gecko) Chrome/53.0.2785.89 Safari/537.36",float64,0,12
"user_device_share_Mozilla/5.0 (Macintosh; Intel Mac OS X 10_11_6) AppleWebKit/537.36 (KHTML, like Gecko) Chrome/54.0.2795.0 Safari/537.36",float64,0,2
"user_device_share_Mozilla/5.0 (Macintosh; Intel Mac OS X 10_11_6) AppleWebKit/537.36 (KHTML, like Gecko) Chrome/54.0.2823.0 Safari/537.36",float64,0,2
"user_device_share_Mozilla/5.0 (Macintosh; Intel Mac OS X 10_11_6) AppleWebKit/537.36 (KHTML, like Gecko) Chrome/54.0.2840.0 Safari/537.36",float64,0,2
"user_device_share_Mozilla/5.0 (Macintosh; Intel Mac OS X 10_11_6) AppleWebKit/537.36 (KHTML, like Gecko) Chrome/54.0.2840.34 Safari/537.36",float64,0,2
"user_device_share_Mozilla/5.0 (Macintosh; Intel Mac OS X 10_11_6) AppleWebKit/537.36 (KHTML, like Gecko) Chrome/54.0.2840.59 Safari/537.36",float64,0,6
"user_device_share_Mozilla/5.0 (Macintosh; Intel Mac OS X 10_11_6) AppleWebKit/537.36 (KHTML, like Gecko) Chrome/54.0.2840.71 Safari/537.36",float64,0,27
"user_device_share_Mozilla/5.0 (Macintosh; Intel Mac OS X 10_11_6) AppleWebKit/537.36 (KHTML, like Gecko) Chrome/54.0.2840.87 Safari/537.36",float64,0,2
"user_device_share_Mozilla/5.0 (Macintosh; Intel Mac OS X 10_11_6) AppleWebKit/537.36 (KHTML, like Gecko) Chrome/54.0.2840.98 Safari/537.36",float64,0,31
"user_device_share_Mozilla/5.0 (Macintosh; Intel Mac OS X 10_11_6) AppleWebKit/537.36 (KHTML, like Gecko) Chrome/55.0.2883.35 Safari/537.36",float64,0,2
"user_device_share_Mozilla/5.0 (Macintosh; Intel Mac OS X 10_11_6) AppleWebKit/537.36 (KHTML, like Gecko) Chrome/55.0.2883.59 Safari/537.36",float64,0,2
"user_device_share_Mozilla/5.0 (Macintosh; Intel Mac OS X 10_11_6) AppleWebKit/537.36 (KHTML, like Gecko) Chrome/55.0.2883.75 Safari/537.36",float64,0,3
"user_device_share_Mozilla/5.0 (Macintosh; Intel Mac OS X 10_11_6) AppleWebKit/537.36 (KHTML, like Gecko) Chrome/55.0.2883.87 Safari/537.36",float64,0,3
"user_device_share_Mozilla/5.0 (Macintosh; Intel Mac OS X 10_11_6) AppleWebKit/537.36 (KHTML, like Gecko) Chrome/55.0.2883.95 Safari/537.36",float64,0,34
"user_device_share_Mozilla/5.0 (Macintosh; Intel Mac OS X 10_11_6) AppleWebKit/537.36 (KHTML, like Gecko) Chrome/56.0.2924.76 Safari/537.36",float64,0,2
"user_device_share_Mozilla/5.0 (Macintosh; Intel Mac OS X 10_11_6) AppleWebKit/537.36 (KHTML, like Gecko) Chrome/56.0.2924.87 Safari/537.36",float64,0,22
"user_device_share_Mozilla/5.0 (Macintosh; Intel Mac OS X 10_11_6) AppleWebKit/537.36 (KHTML, like Gecko) SmartCanvas/0.1.0 Chrome/49.0.2623.75 Electron/0.37.2 Safari/537.36",float64,0,2
"user_device_share_Mozilla/5.0 (Macintosh; Intel Mac OS X 10_11_6) AppleWebKit/601.7.1 (KHTML, like Gecko) Version/9.1.2 Safari/601.7.1",float64,0,2
"user_device_share_Mozilla/5.0 (Macintosh; Intel Mac OS X 10_11_6) AppleWebKit/601.7.7 (KHTML, like Gecko) Version/9.1.2 Safari/601.7.7",float64,0,15
"user_device_share_Mozilla/5.0 (Macintosh; Intel Mac OS X 10_11_6) AppleWebKit/601.7.8 (KHTML, like Gecko) Version/9.1.3 Safari/601.7.8",float64,0,3
"user_device_share_Mozilla/5.0 (Macintosh; Intel Mac OS X 10_11_6) AppleWebKit/602.1.50 (KHTML, like Gecko) Version/10.0 Safari/602.1.50",float64,0,4
"user_device_share_Mozilla/5.0 (Macintosh; Intel Mac OS X 10_12) AppleWebKit/602.1.32 (KHTML, like Gecko) Version/10.0 Safari/602.1.32",float64,0,2
"user_device_share_Mozilla/5.0 (Macintosh; Intel Mac OS X 10_12) AppleWebKit/602.1.38 (KHTML, like Gecko) Version/10.0 Safari/602.1.38",float64,0,2
"user_device_share_Mozilla/5.0 (Macintosh; Intel Mac OS X 10_12) AppleWebKit/602.1.40 (KHTML, like Gecko) Version/10.0 Safari/602.1.40",float64,0,2
"user_device_share_Mozilla/5.0 (Macintosh; Intel Mac OS X 10_12) AppleWebKit/602.1.50 (KHTML, like Gecko) Version/10.0 Safari/602.1.50",float64,0,13
"user_device_share_Mozilla/5.0 (Macintosh; Intel Mac OS X 10_12_0) AppleWebKit/537.36 (KHTML, like Gecko) Chrome/51.0.2704.103 Safari/537.36",float64,0,3
"user_device_share_Mozilla/5.0 (Macintosh; Intel Mac OS X 10_12_0) AppleWebKit/537.36 (KHTML, like Gecko) Chrome/51.0.2704.84 Safari/537.36",float64,0,2
"user_device_share_Mozilla/5.0 (Macintosh; Intel Mac OS X 10_12_0) AppleWebKit/537.36 (KHTML, like Gecko) Chrome/52.0.2743.116 Safari/537.36",float64,0,4
"user_device_share_Mozilla/5.0 (Macintosh; Intel Mac OS X 10_12_0) AppleWebKit/537.36 (KHTML, like Gecko) Chrome/52.0.2743.82 Safari/537.36",float64,0,2
"user_device_share_Mozilla/5.0 (Macintosh; Intel Mac OS X 10_12_0) AppleWebKit/537.36 (KHTML, like Gecko) Chrome/53.0.2785.116 Safari/537.36",float64,0,25
"user_device_share_Mozilla/5.0 (Macintosh; Intel Mac OS X 10_12_0) AppleWebKit/537.36 (KHTML, like Gecko) Chrome/53.0.2785.143 Safari/537.36",float64,0,38
"user_device_share_Mozilla/5.0 (Macintosh; Intel Mac OS X 10_12_0) AppleWebKit/537.36 (KHTML, like Gecko) Chrome/53.0.2785.89 Safari/537.36",float64,0,2
"user_device_share_Mozilla/5.0 (Macintosh; Intel Mac OS X 10_12_0) AppleWebKit/537.36 (KHTML, like Gecko) Chrome/54.0.2840.41 Safari/537.36",float64,0,2
"user_device_share_Mozilla/5.0 (Macintosh; Intel Mac OS X 10_12_0) AppleWebKit/537.36 (KHTML, like Gecko) Chrome/54.0.2840.59 Safari/537.36",float64,0,9
"user_device_share_Mozilla/5.0 (Macintosh; Intel Mac OS X 10_12_0) AppleWebKit/537.36 (KHTML, like Gecko) Chrome/54.0.2840.71 Safari/537.36",float64,0,17
"user_device_share_Mozilla/5.0 (Macintosh; Intel Mac OS X 10_12_0) AppleWebKit/537.36 (KHTML, like Gecko) Chrome/54.0.2840.98 Safari/537.36",float64,0,7
"user_device_share_Mozilla/5.0 (Macintosh; Intel Mac OS X 10_12_0) AppleWebKit/537.36 (KHTML, like Gecko) Chrome/55.0.2883.21 Safari/537.36",float64,0,2
"user_device_share_Mozilla/5.0 (Macintosh; Intel Mac OS X 10_12_0) AppleWebKit/537.36 (KHTML, like Gecko) Chrome/55.0.2883.95 Safari/537.36",float64,0,8
"user_device_share_Mozilla/5.0 (Macintosh; Intel Mac OS X 10_12_0) AppleWebKit/537.36 (KHTML, like Gecko) Chrome/56.0.2924.76 Safari/537.36",float64,0,2
"user_device_share_Mozilla/5.0 (Macintosh; Intel Mac OS X 10_12_0) AppleWebKit/537.36 (KHTML, like Gecko) Chrome/56.0.2924.87 Safari/537.36",float64,0,6
"user_device_share_Mozilla/5.0 (Macintosh; Intel Mac OS X 10_12_0) AppleWebKit/537.36 (KHTML, like Gecko) Chrome/57.0.2987.37 Safari/537.36",float64,0,2
"user_device_share_Mozilla/5.0 (Macintosh; Intel Mac OS X 10_12_0) AppleWebKit/537.36 (KHTML, like Gecko) Chrome/57.0.2987.74 Safari/537.36",float64,0,2
"user_device_share_Mozilla/5.0 (Macintosh; Intel Mac OS X 10_12_1) AppleWebKit/537.36 (KHTML, like Gecko) Chrome/52.0.2743.116 Safari/537.36",float64,0,2
"user_device_share_Mozilla/5.0 (Macintosh; Intel Mac OS X 10_12_1) AppleWebKit/537.36 (KHTML, like Gecko) Chrome/53.0.2785.116 Safari/537.36",float64,0,2
"user_device_share_Mozilla/5.0 (Macintosh; Intel Mac OS X 10_12_1) AppleWebKit/537.36 (KHTML, like Gecko) Chrome/53.0.2785.143 Safari/537.36",float64,0,6
"user_device_share_Mozilla/5.0 (Macintosh; Intel Mac OS X 10_12_1) AppleWebKit/537.36 (KHTML, like Gecko) Chrome/54.0.2840.59 Safari/537.36",float64,0,2
"user_device_share_Mozilla/5.0 (Macintosh; Intel Mac OS X 10_12_1) AppleWebKit/537.36 (KHTML, like Gecko) Chrome/54.0.2840.71 Safari/537.36",float64,0,31
"user_device_share_Mozilla/5.0 (Macintosh; Intel Mac OS X 10_12_1) AppleWebKit/537.36 (KHTML, like Gecko) Chrome/54.0.2840.87 Safari/537.36",float64,0,3
"user_device_share_Mozilla/5.0 (Macintosh; Intel Mac OS X 10_12_1) AppleWebKit/537.36 (KHTML, like Gecko) Chrome/54.0.2840.98 Safari/537.36",float64,0,48
"user_device_share_Mozilla/5.0 (Macintosh; Intel Mac OS X 10_12_1) AppleWebKit/537.36 (KHTML, like Gecko) Chrome/55.0.2883.21 Safari/537.36",float64,0,2
"user_device_share_Mozilla/5.0 (Macintosh; Intel Mac OS X 10_12_1) AppleWebKit/537.36 (KHTML, like Gecko) Chrome/55.0.2883.28 Safari/537.36",float64,0,2
"user_device_share_Mozilla/5.0 (Macintosh; Intel Mac OS X 10_12_1) AppleWebKit/537.36 (KHTML, like Gecko) Chrome/55.0.2883.35 Safari/537.36",float64,0,2
"user_device_share_Mozilla/5.0 (Macintosh; Intel Mac OS X 10_12_1) AppleWebKit/537.36 (KHTML, like Gecko) Chrome/55.0.2883.44 Safari/537.36",float64,0,2
"user_device_share_Mozilla/5.0 (Macintosh; Intel Mac OS X 10_12_1) AppleWebKit/537.36 (KHTML, like Gecko) Chrome/55.0.2883.59 Safari/537.36",float64,0,2
"user_device_share_Mozilla/5.0 (Macintosh; Intel Mac OS X 10_12_1) AppleWebKit/537.36 (KHTML, like Gecko) Chrome/55.0.2883.75 Safari/537.36",float64,0,5
"user_device_share_Mozilla/5.0 (Macintosh; Intel Mac OS X 10_12_1) AppleWebKit/537.36 (KHTML, like Gecko) Chrome/55.0.2883.87 Safari/537.36",float64,0,2
"user_device_share_Mozilla/5.0 (Macintosh; Intel Mac OS X 10_12_1) AppleWebKit/537.36 (KHTML, like Gecko) Chrome/55.0.2883.95 Safari/537.36",float64,0,21
"user_device_share_Mozilla/5.0 (Macintosh; Intel Mac OS X 10_12_1) AppleWebKit/537.36 (KHTML, like Gecko) Chrome/56.0.2924.28 Safari/537.36",float64,0,3
"user_device_share_Mozilla/5.0 (Macintosh; Intel Mac OS X 10_12_1) AppleWebKit/537.36 (KHTML, like Gecko) Chrome/56.0.2924.76 Safari/537.36",float64,0,2
"user_device_share_Mozilla/5.0 (Macintosh; Intel Mac OS X 10_12_1) AppleWebKit/537.36 (KHTML, like Gecko) Chrome/56.0.2924.87 Safari/537.36",float64,0,6
"user_device_share_Mozilla/5.0 (Macintosh; Intel Mac OS X 10_12_1) AppleWebKit/537.36 (KHTML, like Gecko) Chrome/57.0.2963.0 Safari/537.36",float64,0,2
"user_device_share_Mozilla/5.0 (Macintosh; Intel Mac OS X 10_12_1) AppleWebKit/537.36 (KHTML, like Gecko) SmartCanvas/0.1.0 Chrome/49.0.2623.75 Electron/0.37.2 Safari/537.36",float64,0,2
"user_device_share_Mozilla/5.0 (Macintosh; Intel Mac OS X 10_12_1) AppleWebKit/602.2.11 (KHTML, like Gecko) Version/10.0.1 Safari/602.2.11",float64,0,2
"user_device_share_Mozilla/5.0 (Macintosh; Intel Mac OS X 10_12_1) AppleWebKit/602.2.14 (KHTML, like Gecko) Version/10.0.1 Safari/602.2.14",float64,0,11
"user_device_share_Mozilla/5.0 (Macintosh; Intel Mac OS X 10_12_1) AppleWebKit/602.2.7 (KHTML, like Gecko) Version/10.0.1 Safari/602.2.7",float64,0,2
"user_device_share_Mozilla/5.0 (Macintosh; Intel Mac OS X 10_12_2) AppleWebKit/537.36 (KHTML, like Gecko) Chrome/53.0.2785.89 Safari/537.36",float64,0,2
"user_device_share_Mozilla/5.0 (Macintosh; Intel Mac OS X 10_12_2) AppleWebKit/537.36 (KHTML, like Gecko) Chrome/54.0.2840.71 Safari/537.36",float64,0,3
"user_device_share_Mozilla/5.0 (Macintosh; Intel Mac OS X 10_12_2) AppleWebKit/537.36 (KHTML, like Gecko) Chrome/54.0.2840.98 Safari/537.36",float64,0,3
"user_device_share_Mozilla/5.0 (Macintosh; Intel Mac OS X 10_12_2) AppleWebKit/537.36 (KHTML, like Gecko) Chrome/55.0.2883.95 Safari/537.36",float64,0,56
"user_device_share_Mozilla/5.0 (Macintosh; Intel Mac OS X 10_12_2) AppleWebKit/537.36 (KHTML, like Gecko) Chrome/56.0.2924.51 Safari/537.36",float64,0,2
"user_device_share_Mozilla/5.0 (Macintosh; Intel Mac OS X 10_12_2) AppleWebKit/537.36 (KHTML, like Gecko) Chrome/56.0.2924.59 Safari/537.36",float64,0,2
"user_device_share_Mozilla/5.0 (Macintosh; Intel Mac OS X 10_12_2) AppleWebKit/537.36 (KHTML, like Gecko) Chrome/56.0.2924.67 Safari/537.36",float64,0,2
"user_device_share_Mozilla/5.0 (Macintosh; Intel Mac OS X 10_12_2) AppleWebKit/537.36 (KHTML, like Gecko) Chrome/56.0.2924.76 Safari/537.36",float64,0,3
"user_device_share_Mozilla/5.0 (Macintosh; Intel Mac OS X 10_12_2) AppleWebKit/537.36 (KHTML, like Gecko) Chrome/56.0.2924.87 Safari/537.36",float64,0,14
"user_device_share_Mozilla/5.0 (Macintosh; Intel Mac OS X 10_12_2) AppleWebKit/537.36 (KHTML, like Gecko) Chrome/57.0.2966.0 Safari/537.36",float64,0,2
"user_device_share_Mozilla/5.0 (Macintosh; Intel Mac OS X 10_12_2) AppleWebKit/537.36 (KHTML, like Gecko) Chrome/57.0.2984.0 Safari/537.36",float64,0,2
"user_device_share_Mozilla/5.0 (Macintosh; Intel Mac OS X 10_12_2) AppleWebKit/537.36 (KHTML, like Gecko) SmartCanvas/0.1.0 Chrome/49.0.2623.75 Electron/0.37.2 Safari/537.36",float64,0,2
"user_device_share_Mozilla/5.0 (Macintosh; Intel Mac OS X 10_12_2) AppleWebKit/602.3.12 (KHTML, like Gecko) Version/10.0.2 Safari/602.3.12",float64,0,8
"user_device_share_Mozilla/5.0 (Macintosh; Intel Mac OS X 10_12_2) AppleWebKit/602.3.3 (KHTML, like Gecko) Version/10.0.2 Safari/602.3.3",float64,0,2
"user_device_share_Mozilla/5.0 (Macintosh; Intel Mac OS X 10_12_3) AppleWebKit/537.36 (KHTML, like Gecko) Chrome/55.0.2883.95 Safari/537.36",float64,0,18
"user_device_share_Mozilla/5.0 (Macintosh; Intel Mac OS X 10_12_3) AppleWebKit/537.36 (KHTML, like Gecko) Chrome/56.0.2924.67 Safari/537.36",float64,0,2
"user_device_share_Mozilla/5.0 (Macintosh; Intel Mac OS X 10_12_3) AppleWebKit/537.36 (KHTML, like Gecko) Chrome/56.0.2924.76 Safari/537.36",float64,0,6
"user_device_share_Mozilla/5.0 (Macintosh; Intel Mac OS X 10_12_3) AppleWebKit/537.36 (KHTML, like Gecko) Chrome/56.0.2924.87 Safari/537.36",float64,0,46
"user_device_share_Mozilla/5.0 (Macintosh; Intel Mac OS X 10_12_3) AppleWebKit/537.36 (KHTML, like Gecko) Chrome/57.0.2987.37 Safari/537.36",float64,0,2
"user_device_share_Mozilla/5.0 (Macintosh; Intel Mac OS X 10_12_3) AppleWebKit/602.4.8 (KHTML, like Gecko) Version/10.0.3 Safari/602.4.8",float64,0,4
"user_device_share_Mozilla/5.0 (Macintosh; Intel Mac OS X 10_12_4) AppleWebKit/537.36 (KHTML, like Gecko) Chrome/55.0.2883.95 Safari/537.36",float64,0,2
"user_device_share_Mozilla/5.0 (Macintosh; Intel Mac OS X 10_12_4) AppleWebKit/537.36 (KHTML, like Gecko) Chrome/56.0.2924.87 Safari/537.36",float64,0,3
"user_device_share_Mozilla/5.0 (Macintosh; Intel Mac OS X 10_12_4) AppleWebKit/603.1.23 (KHTML, like Gecko) Version/10.1 Safari/603.1.23",float64,0,2
"user_device_share_Mozilla/5.0 (Macintosh; Intel Mac OS X 10_12_4) AppleWebKit/603.1.29 (KHTML, like Gecko) Version/10.1 Safari/603.1.29",float64,0,2
"user_device_share_Mozilla/5.0 (Macintosh; Intel Mac OS X 10_7_5) AppleWebKit/537.36 (KHTML, like Gecko) Chrome/49.0.2623.112 Safari/537.36",float64,0,3
"user_device_share_Mozilla/5.0 (Macintosh; Intel Mac OS X 10_7_5) AppleWebKit/537.36 (KHTML, like Gecko) Chrome/49.0.2623.75 Safari/537.36",float64,0,2
"user_device_share_Mozilla/5.0 (Macintosh; Intel Mac OS X 10_8_5) AppleWebKit/537.36 (KHTML, like Gecko) Chrome/49.0.2623.112 Safari/537.36",float64,0,2
"user_device_share_Mozilla/5.0 (Macintosh; Intel Mac OS X 10_9_5) AppleWebKit/537.36 (KHTML, like Gecko) Chrome/49.0.2623.112 Safari/537.36",float64,0,2
"user_device_share_Mozilla/5.0 (Macintosh; Intel Mac OS X 10_9_5) AppleWebKit/537.36 (KHTML, like Gecko) Chrome/50.0.2661.102 Safari/537.36",float64,0,2
"user_device_share_Mozilla/5.0 (Macintosh; Intel Mac OS X 10_9_5) AppleWebKit/537.36 (KHTML, like Gecko) Chrome/50.0.2661.86 Safari/537.36",float64,0,4
"user_device_share_Mozilla/5.0 (Macintosh; Intel Mac OS X 10_9_5) AppleWebKit/537.36 (KHTML, like Gecko) Chrome/50.0.2661.94 Safari/537.36",float64,0,2
"user_device_share_Mozilla/5.0 (Macintosh; Intel Mac OS X 10_9_5) AppleWebKit/537.36 (KHTML, like Gecko) Chrome/51.0.2704.103 Safari/537.36",float64,0,2
"user_device_share_Mozilla/5.0 (Macintosh; Intel Mac OS X 10_9_5) AppleWebKit/537.36 (KHTML, like Gecko) Chrome/51.0.2704.106 Safari/537.36",float64,0,2
"user_device_share_Mozilla/5.0 (Macintosh; Intel Mac OS X 10_9_5) AppleWebKit/537.36 (KHTML, like Gecko) Chrome/51.0.2704.79 Safari/537.36",float64,0,2
"user_device_share_Mozilla/5.0 (Macintosh; Intel Mac OS X 10_9_5) AppleWebKit/537.36 (KHTML, like Gecko) Chrome/51.0.2704.84 Safari/537.36",float64,0,2
"user_device_share_Mozilla/5.0 (Macintosh; Intel Mac OS X 10_9_5) AppleWebKit/537.36 (KHTML, like Gecko) Chrome/52.0.2743.116 Safari/537.36",float64,0,2
"user_device_share_Mozilla/5.0 (Macintosh; Intel Mac OS X 10_9_5) AppleWebKit/537.36 (KHTML, like Gecko) Chrome/53.0.2785.143 Safari/537.36",float64,0,2
"user_device_share_Mozilla/5.0 (Macintosh; Intel Mac OS X 10_9_5) AppleWebKit/537.36 (KHTML, like Gecko) Chrome/54.0.2840.98 Safari/537.36",float64,0,2
"user_device_share_Mozilla/5.0 (Macintosh; Intel Mac OS X 10_9_5) AppleWebKit/537.36 (KHTML, like Gecko) Chrome/55.0.2883.95 Safari/537.36",float64,0,2
"user_device_share_Mozilla/5.0 (Macintosh; Intel Mac OS X 10_9_5) AppleWebKit/537.36 (KHTML, like Gecko) Chrome/56.0.2924.76 Safari/537.36",float64,0,2
"user_device_share_Mozilla/5.0 (Macintosh; Intel Mac OS X 10_9_5) AppleWebKit/537.36 (KHTML, like Gecko) Chrome/56.0.2924.87 Safari/537.36",float64,0,2
"user_device_share_Mozilla/5.0 (Windows NT 10.0) AppleWebKit/537.36 (KHTML, like Gecko) Chrome/50.0.2661.102 Safari/537.36",float64,0,3
"user_device_share_Mozilla/5.0 (Windows NT 10.0) AppleWebKit/537.36 (KHTML, like Gecko) Chrome/52.0.2743.116 Safari/537.36",float64,0,2
"user_device_share_Mozilla/5.0 (Windows NT 10.0; WOW64) AppleWebKit/537.36 (KHTML, like Gecko) Chrome/48.0.2564.109 Safari/537.36",float64,0,2
"user_device_share_Mozilla/5.0 (Windows NT 10.0; WOW64) AppleWebKit/537.36 (KHTML, like Gecko) Chrome/48.0.2564.116 Safari/537.36",float64,0,2
"user_device_share_Mozilla/5.0 (Windows NT 10.0; WOW64) AppleWebKit/537.36 (KHTML, like Gecko) Chrome/49.0.2623.110 Safari/537.36",float64,0,47
"user_device_share_Mozilla/5.0 (Windows NT 10.0; WOW64) AppleWebKit/537.36 (KHTML, like Gecko) Chrome/49.0.2623.110 Safari/537.36 OPR/36.0.2130.65",float64,0,2
"user_device_share_Mozilla/5.0 (Windows NT 10.0; WOW64) AppleWebKit/537.36 (KHTML, like Gecko) Chrome/49.0.2623.112 Safari/537.36",float64,0,80
"user_device_share_Mozilla/5.0 (Windows NT 10.0; WOW64) AppleWebKit/537.36 (KHTML, like Gecko) Chrome/49.0.2623.87 Safari/537.36",float64,0,19
"user_device_share_Mozilla/5.0 (Windows NT 10.0; WOW64) AppleWebKit/537.36 (KHTML, like Gecko) Chrome/49.0.2623.87 Safari/537.36 OPR/36.0.2130.46",float64,0,2
"user_device_share_Mozilla/5.0 (Windows NT 10.0; WOW64) AppleWebKit/537.36 (KHTML, like Gecko) Chrome/50.0.2661.102 Safari/537.36",float64,0,108
"user_device_share_Mozilla/5.0 (Windows NT 10.0; WOW64) AppleWebKit/537.36 (KHTML, like Gecko) Chrome/50.0.2661.75 Safari/537.36",float64,0,8
"user_device_share_Mozilla/5.0 (Windows NT 10.0; WOW64) AppleWebKit/537.36 (KHTML, like Gecko) Chrome/50.0.2661.87 Safari/537.36",float64,0,20
"user_device_share_Mozilla/5.0 (Windows NT 10.0; WOW64) AppleWebKit/537.36 (KHTML, like Gecko) Chrome/50.0.2661.94 Safari/537.36",float64,0,77
"user_device_share_Mozilla/5.0 (Windows NT 10.0; WOW64) AppleWebKit/537.36 (KHTML, like Gecko) Chrome/50.0.2661.94 Safari/537.36 OPR/37.0.2178.43",float64,0,2
"user_device_share_Mozilla/5.0 (Windows NT 10.0; WOW64) AppleWebKit/537.36 (KHTML, like Gecko) Chrome/50.0.2661.94 Safari/537.36 OPR/37.0.2178.47",float64,0,2
"user_device_share_Mozilla/5.0 (Windows NT 10.0; WOW64) AppleWebKit/537.36 (KHTML, like Gecko) Chrome/50.26.2661.78 Safari/537.36",float64,0,2
"user_device_share_Mozilla/5.0 (Windows NT 10.0; WOW64) AppleWebKit/537.36 (KHTML, like Gecko) Chrome/51.0.2704.103 Safari/537.36",float64,0,177
"user_device_share_Mozilla/5.0 (Windows NT 10.0; WOW64) AppleWebKit/537.36 (KHTML, like Gecko) Chrome/51.0.2704.106 Safari/537.36",float64,0,28
"user_device_share_Mozilla/5.0 (Windows NT 10.0; WOW64) AppleWebKit/537.36 (KHTML, like Gecko) Chrome/51.0.2704.106 Safari/537.36 OPR/38.0.2220.41",float64,0,3
"user_device_share_Mozilla/5.0 (Windows NT 10.0; WOW64) AppleWebKit/537.36 (KHTML, like Gecko) Chrome/51.0.2704.63 Safari/537.36",float64,0,7
"user_device_share_Mozilla/5.0 (Windows NT 10.0; WOW64) AppleWebKit/537.36 (KHTML, like Gecko) Chrome/51.0.2704.79 Safari/537.36",float64,0,13
"user_device_share_Mozilla/5.0 (Windows NT 10.0; WOW64) AppleWebKit/537.36 (KHTML, like Gecko) Chrome/51.0.2704.84 Safari/537.36",float64,0,93
"user_device_share_Mozilla/5.0 (Windows NT 10.0; WOW64) AppleWebKit/537.36 (KHTML, like Gecko) Chrome/52.0.2743.116 Safari/537.36",float64,0,140
"user_device_share_Mozilla/5.0 (Windows NT 10.0; WOW64) AppleWebKit/537.36 (KHTML, like Gecko) Chrome/52.0.2743.116 Safari/537.36 OPR/39.0.2256.71",float64,0,2
"user_device_share_Mozilla/5.0 (Windows NT 10.0; WOW64) AppleWebKit/537.36 (KHTML, like Gecko) Chrome/52.0.2743.82 Safari/537.36",float64,0,24
"user_device_share_Mozilla/5.0 (Windows NT 10.0; WOW64) AppleWebKit/537.36 (KHTML, like Gecko) Chrome/52.0.2743.82 Safari/537.36 OPR/39.0.2256.48",float64,0,3
"user_device_share_Mozilla/5.0 (Windows NT 10.0; WOW64) AppleWebKit/537.36 (KHTML, like Gecko) Chrome/53.0.2763.0 Safari/537.36",float64,0,2
"user_device_share_Mozilla/5.0 (Windows NT 10.0; WOW64) AppleWebKit/537.36 (KHTML, like Gecko) Chrome/53.0.2774.3 Safari/537.36",float64,0,2
"user_device_share_Mozilla/5.0 (Windows NT 10.0; WOW64) AppleWebKit/537.36 (KHTML, like Gecko) Chrome/53.0.2785.101 Safari/537.36",float64,0,16
"user_device_share_Mozilla/5.0 (Windows NT 10.0; WOW64) AppleWebKit/537.36 (KHTML, like Gecko) Chrome/53.0.2785.113 Safari/537.36",float64,0,11
"user_device_share_Mozilla/5.0 (Windows NT 10.0; WOW64) AppleWebKit/537.36 (KHTML, like Gecko) Chrome/53.0.2785.116 Safari/537.36",float64,0,101
"user_device_share_Mozilla/5.0 (Windows NT 10.0; WOW64) AppleWebKit/537.36 (KHTML, like Gecko) Chrome/53.0.2785.143 Safari/537.36",float64,0,88
"user_device_share_Mozilla/5.0 (Windows NT 10.0; WOW64) AppleWebKit/537.36 (KHTML, like Gecko) Chrome/53.0.2785.89 Safari/537.36",float64,0,2
"user_device_share_Mozilla/5.0 (Windows NT 10.0; WOW64) AppleWebKit/537.36 (KHTML, like Gecko) Chrome/54.0.2810.1 Safari/537.36",float64,0,2
"user_device_share_Mozilla/5.0 (Windows NT 10.0; WOW64) AppleWebKit/537.36 (KHTML, like Gecko) Chrome/54.0.2840.59 Safari/537.36",float64,0,14
"user_device_share_Mozilla/5.0 (Windows NT 10.0; WOW64) AppleWebKit/537.36 (KHTML, like Gecko) Chrome/54.0.2840.71 Safari/537.36",float64,0,74
"user_device_share_Mozilla/5.0 (Windows NT 10.0; WOW64) AppleWebKit/537.36 (KHTML, like Gecko) Chrome/54.0.2840.87 Safari/537.36",float64,0,16
"user_device_share_Mozilla/5.0 (Windows NT 10.0; WOW64) AppleWebKit/537.36 (KHTML, like Gecko) Chrome/54.0.2840.99 Safari/537.36",float64,0,80
"user_device_share_Mozilla/5.0 (Windows NT 10.0; WOW64) AppleWebKit/537.36 (KHTML, like Gecko) Chrome/55.0.2852.1 Safari/537.36",float64,0,2
"user_device_share_Mozilla/5.0 (Windows NT 10.0; WOW64) AppleWebKit/537.36 (KHTML, like Gecko) Chrome/55.0.2883.75 Safari/537.36",float64,0,17
"user_device_share_Mozilla/5.0 (Windows NT 10.0; WOW64) AppleWebKit/537.36 (KHTML, like Gecko) Chrome/55.0.2883.75 Safari/537.36 OPR/42.0.2393.85",float64,0,2
"user_device_share_Mozilla/5.0 (Windows NT 10.0; WOW64) AppleWebKit/537.36 (KHTML, like Gecko) Chrome/55.0.2883.87 Safari/537.36",float64,0,105
"user_device_share_Mozilla/5.0 (Windows NT 10.0; WOW64) AppleWebKit/537.36 (KHTML, like Gecko) Chrome/56.0.2924.76 Safari/537.36",float64,0,6
"user_device_share_Mozilla/5.0 (Windows NT 10.0; WOW64) AppleWebKit/537.36 (KHTML, like Gecko) Chrome/56.0.2924.87 Safari/537.36",float64,0,86
user_device_share_Mozilla/5.0 (Windows NT 10.0; WOW64; rv:41.0) Gecko/20100101 Firefox/41.0,float64,0,2
user_device_share_Mozilla/5.0 (Windows NT 10.0; WOW64; rv:45.0) Gecko/20100101 Firefox/45.0,float64,0,2
user_device_share_Mozilla/5.0 (Windows NT 10.0; WOW64; rv:46.0) Gecko/20100101 Firefox/46.0,float64,0,3
user_device_share_Mozilla/5.0 (Windows NT 10.0; WOW64; rv:47.0) Gecko/20100101 Firefox/47.0,float64,0,17
user_device_share_Mozilla/5.0 (Windows NT 10.0; WOW64; rv:48.0) Gecko/20100101 Firefox/48.0,float64,0,10
user_device_share_Mozilla/5.0 (Windows NT 10.0; WOW64; rv:49.0) Gecko/20100101 Firefox/49.0,float64,0,11
user_device_share_Mozilla/5.0 (Windows NT 10.0; WOW64; rv:50.0) Gecko/20100101 Firefox/50.0,float64,0,10
user_device_share_Mozilla/5.0 (Windows NT 10.0; WOW64; rv:51.0) Gecko/20100101 Firefox/51.0,float64,0,10
"user_device_share_Mozilla/5.0 (Windows NT 10.0; Win64; x64) AppleWebKit/537.36 (KHTML, like Gecko) Chrome/46.0.2486.0 Safari/537.36 Edge/13.10586",float64,0,2
"user_device_share_Mozilla/5.0 (Windows NT 10.0; Win64; x64) AppleWebKit/537.36 (KHTML, like Gecko) Chrome/49.0.2623.110 Safari/537.36",float64,0,6
"user_device_share_Mozilla/5.0 (Windows NT 10.0; Win64; x64) AppleWebKit/537.36 (KHTML, like Gecko) Chrome/49.0.2623.112 Safari/537.36",float64,0,18
"user_device_share_Mozilla/5.0 (Windows NT 10.0; Win64; x64) AppleWebKit/537.36 (KHTML, like Gecko) Chrome/49.0.2623.87 Safari/537.36",float64,0,4
"user_device_share_Mozilla/5.0 (Windows NT 10.0; Win64; x64) AppleWebKit/537.36 (KHTML, like Gecko) Chrome/50.0.2661.102 Safari/537.36",float64,0,25
"user_device_share_Mozilla/5.0 (Windows NT 10.0; Win64; x64) AppleWebKit/537.36 (KHTML, like Gecko) Chrome/50.0.2661.49 Safari/537.36",float64,0,2
"user_device_share_Mozilla/5.0 (Windows NT 10.0; Win64; x64) AppleWebKit/537.36 (KHTML, like Gecko) Chrome/50.0.2661.57 Safari/537.36",float64,0,3
"user_device_share_Mozilla/5.0 (Windows NT 10.0; Win64; x64) AppleWebKit/537.36 (KHTML, like Gecko) Chrome/50.0.2661.66 Safari/537.36",float64,0,3
"user_device_share_Mozilla/5.0 (Windows NT 10.0; Win64; x64) AppleWebKit/537.36 (KHTML, like Gecko) Chrome/50.0.2661.75 Safari/537.36",float64,0,4
"user_device_share_Mozilla/5.0 (Windows NT 10.0; Win64; x64) AppleWebKit/537.36 (KHTML, like Gecko) Chrome/50.0.2661.94 Safari/537.36",float64,0,17
"user_device_share_Mozilla/5.0 (Windows NT 10.0; Win64; x64) AppleWebKit/537.36 (KHTML, like Gecko) Chrome/51.0.2704.103 Safari/537.36",float64,0,43
"user_device_share_Mozilla/5.0 (Windows NT 10.0; Win64; x64) AppleWebKit/537.36 (KHTML, like Gecko) Chrome/51.0.2704.106 Safari/537.36",float64,0,40
"user_device_share_Mozilla/5.0 (Windows NT 10.0; Win64; x64) AppleWebKit/537.36 (KHTML, like Gecko) Chrome/51.0.2704.22 Safari/537.36",float64,0,3
"user_device_share_Mozilla/5.0 (Windows NT 10.0; Win64; x64) AppleWebKit/537.36 (KHTML, like Gecko) Chrome/51.0.2704.29 Safari/537.36",float64,0,4
"user_device_share_Mozilla/5.0 (Windows NT 10.0; Win64; x64) AppleWebKit/537.36 (KHTML, like Gecko) Chrome/51.0.2704.36 Safari/537.36",float64,0,4
"user_device_share_Mozilla/5.0 (Windows NT 10.0; Win64; x64) AppleWebKit/537.36 (KHTML, like Gecko) Chrome/51.0.2704.47 Safari/537.36",float64,0,3
"user_device_share_Mozilla/5.0 (Windows NT 10.0; Win64; x64) AppleWebKit/537.36 (KHTML, like Gecko) Chrome/51.0.2704.54 Safari/537.36",float64,0,5
"user_device_share_Mozilla/5.0 (Windows NT 10.0; Win64; x64) AppleWebKit/537.36 (KHTML, like Gecko) Chrome/51.0.2704.63 Safari/537.36",float64,0,11
"user_device_share_Mozilla/5.0 (Windows NT 10.0; Win64; x64) AppleWebKit/537.36 (KHTML, like Gecko) Chrome/51.0.2704.79 Safari/537.36",float64,0,4
"user_device_share_Mozilla/5.0 (Windows NT 10.0; Win64; x64) AppleWebKit/537.36 (KHTML, like Gecko) Chrome/51.0.2704.84 Safari/537.36",float64,0,17
"user_device_share_Mozilla/5.0 (Windows NT 10.0; Win64; x64) AppleWebKit/537.36 (KHTML, like Gecko) Chrome/52.0.2713.0 Safari/537.36",float64,0,2
"user_device_share_Mozilla/5.0 (Windows NT 10.0; Win64; x64) AppleWebKit/537.36 (KHTML, like Gecko) Chrome/52.0.2715.0 Safari/537.36",float64,0,2
"user_device_share_Mozilla/5.0 (Windows NT 10.0; Win64; x64) AppleWebKit/537.36 (KHTML, like Gecko) Chrome/52.0.2717.0 Safari/537.36",float64,0,2
"user_device_share_Mozilla/5.0 (Windows NT 10.0; Win64; x64) AppleWebKit/537.36 (KHTML, like Gecko) Chrome/52.0.2718.0 Safari/537.36",float64,0,2
"user_device_share_Mozilla/5.0 (Windows NT 10.0; Win64; x64) AppleWebKit/537.36 (KHTML, like Gecko) Chrome/52.0.2720.0 Safari/537.36",float64,0,2
"user_device_share_Mozilla/5.0 (Windows NT 10.0; Win64; x64) AppleWebKit/537.36 (KHTML, like Gecko) Chrome/52.0.2723.0 Safari/537.36",float64,0,2
"user_device_share_Mozilla/5.0 (Windows NT 10.0; Win64; x64) AppleWebKit/537.36 (KHTML, like Gecko) Chrome/52.0.2726.0 Safari/537.36",float64,0,2
"user_device_share_Mozilla/5.0 (Windows NT 10.0; Win64; x64) AppleWebKit/537.36 (KHTML, like Gecko) Chrome/52.0.2729.0 Safari/537.36",float64,0,2
"user_device_share_Mozilla/5.0 (Windows NT 10.0; Win64; x64) AppleWebKit/537.36 (KHTML, like Gecko) Chrome/52.0.2735.0 Safari/537.36",float64,0,2
"user_device_share_Mozilla/5.0 (Windows NT 10.0; Win64; x64) AppleWebKit/537.36 (KHTML, like Gecko) Chrome/52.0.2738.0 Safari/537.36",float64,0,2
"user_device_share_Mozilla/5.0 (Windows NT 10.0; Win64; x64) AppleWebKit/537.36 (KHTML, like Gecko) Chrome/52.0.2739.0 Safari/537.36",float64,0,2
"user_device_share_Mozilla/5.0 (Windows NT 10.0; Win64; x64) AppleWebKit/537.36 (KHTML, like Gecko) Chrome/52.0.2741.0 Safari/537.36",float64,0,2
"user_device_share_Mozilla/5.0 (Windows NT 10.0; Win64; x64) AppleWebKit/537.36 (KHTML, like Gecko) Chrome/52.0.2743.116 Safari/537.36",float64,0,72
"user_device_share_Mozilla/5.0 (Windows NT 10.0; Win64; x64) AppleWebKit/537.36 (KHTML, like Gecko) Chrome/52.0.2743.24 Safari/537.36",float64,0,6
"user_device_share_Mozilla/5.0 (Windows NT 10.0; Win64; x64) AppleWebKit/537.36 (KHTML, like Gecko) Chrome/52.0.2743.33 Safari/537.36",float64,0,5
"user_device_share_Mozilla/5.0 (Windows NT 10.0; Win64; x64) AppleWebKit/537.36 (KHTML, like Gecko) Chrome/52.0.2743.41 Safari/537.36",float64,0,6
"user_device_share_Mozilla/5.0 (Windows NT 10.0; Win64; x64) AppleWebKit/537.36 (KHTML, like Gecko) Chrome/52.0.2743.49 Safari/537.36",float64,0,4
"user_device_share_Mozilla/5.0 (Windows NT 10.0; Win64; x64) AppleWebKit/537.36 (KHTML, like Gecko) Chrome/52.0.2743.60 Safari/537.36",float64,0,7
"user_device_share_Mozilla/5.0 (Windows NT 10.0; Win64; x64) AppleWebKit/537.36 (KHTML, like Gecko) Chrome/52.0.2743.75 Safari/537.36",float64,0,5
"user_device_share_Mozilla/5.0 (Windows NT 10.0; Win64; x64) AppleWebKit/537.36 (KHTML, like Gecko) Chrome/52.0.2743.82 Safari/537.36",float64,0,27
"user_device_share_Mozilla/5.0 (Windows NT 10.0; Win64; x64) AppleWebKit/537.36 (KHTML, like Gecko) Chrome/53.0.2754.0 Safari/537.36",float64,0,2
"user_device_share_Mozilla/5.0 (Windows NT 10.0; Win64; x64) AppleWebKit/537.36 (KHTML, like Gecko) Chrome/53.0.2762.0 Safari/537.36",float64,0,2
"user_device_share_Mozilla/5.0 (Windows NT 10.0; Win64; x64) AppleWebKit/537.36 (KHTML, like Gecko) Chrome/53.0.2763.0 Safari/537.36",float64,0,2
"user_device_share_Mozilla/5.0 (Windows NT 10.0; Win64; x64) AppleWebKit/537.36 (KHTML, like Gecko) Chrome/53.0.2764.0 Safari/537.36",float64,0,2
"user_device_share_Mozilla/5.0 (Windows NT 10.0; Win64; x64) AppleWebKit/537.36 (KHTML, like Gecko) Chrome/53.0.2767.0 Safari/537.36",float64,0,2
"user_device_share_Mozilla/5.0 (Windows NT 10.0; Win64; x64) AppleWebKit/537.36 (KHTML, like Gecko) Chrome/53.0.2768.0 Safari/537.36",float64,0,2
"user_device_share_Mozilla/5.0 (Windows NT 10.0; Win64; x64) AppleWebKit/537.36 (KHTML, like Gecko) Chrome/53.0.2771.0 Safari/537.36",float64,0,2
"user_device_share_Mozilla/5.0 (Windows NT 10.0; Win64; x64) AppleWebKit/537.36 (KHTML, like Gecko) Chrome/53.0.2773.0 Safari/537.36",float64,0,2
"user_device_share_Mozilla/5.0 (Windows NT 10.0; Win64; x64) AppleWebKit/537.36 (KHTML, like Gecko) Chrome/53.0.2774.2 Safari/537.36",float64,0,2
"user_device_share_Mozilla/5.0 (Windows NT 10.0; Win64; x64) AppleWebKit/537.36 (KHTML, like Gecko) Chrome/53.0.2774.3 Safari/537.36",float64,0,2
"user_device_share_Mozilla/5.0 (Windows NT 10.0; Win64; x64) AppleWebKit/537.36 (KHTML, like Gecko) Chrome/53.0.2777.0 Safari/537.36",float64,0,2
"user_device_share_Mozilla/5.0 (Windows NT 10.0; Win64; x64) AppleWebKit/537.36 (KHTML, like Gecko) Chrome/53.0.2778.0 Safari/537.36",float64,0,2
"user_device_share_Mozilla/5.0 (Windows NT 10.0; Win64; x64) AppleWebKit/537.36 (KHTML, like Gecko) Chrome/53.0.2782.0 Safari/537.36",float64,0,2
"user_device_share_Mozilla/5.0 (Windows NT 10.0; Win64; x64) AppleWebKit/537.36 (KHTML, like Gecko) Chrome/53.0.2784.1 Safari/537.36",float64,0,2
"user_device_share_Mozilla/5.0 (Windows NT 10.0; Win64; x64) AppleWebKit/537.36 (KHTML, like Gecko) Chrome/53.0.2785.101 Safari/537.36",float64,0,11
"user_device_share_Mozilla/5.0 (Windows NT 10.0; Win64; x64) AppleWebKit/537.36 (KHTML, like Gecko) Chrome/53.0.2785.113 Safari/537.36",float64,0,2
"user_device_share_Mozilla/5.0 (Windows NT 10.0; Win64; x64) AppleWebKit/537.36 (KHTML, like Gecko) Chrome/53.0.2785.116 Safari/537.36",float64,0,66
"user_device_share_Mozilla/5.0 (Windows NT 10.0; Win64; x64) AppleWebKit/537.36 (KHTML, like Gecko) Chrome/53.0.2785.143 Safari/537.36",float64,0,68
"user_device_share_Mozilla/5.0 (Windows NT 10.0; Win64; x64) AppleWebKit/537.36 (KHTML, like Gecko) Chrome/53.0.2785.34 Safari/537.36",float64,0,2
"user_device_share_Mozilla/5.0 (Windows NT 10.0; Win64; x64) AppleWebKit/537.36 (KHTML, like Gecko) Chrome/53.0.2785.46 Safari/537.36",float64,0,5
"user_device_share_Mozilla/5.0 (Windows NT 10.0; Win64; x64) AppleWebKit/537.36 (KHTML, like Gecko) Chrome/53.0.2785.57 Safari/537.36",float64,0,6
"user_device_share_Mozilla/5.0 (Windows NT 10.0; Win64; x64) AppleWebKit/537.36 (KHTML, like Gecko) Chrome/53.0.2785.70 Safari/537.36",float64,0,3
"user_device_share_Mozilla/5.0 (Windows NT 10.0; Win64; x64) AppleWebKit/537.36 (KHTML, like Gecko) Chrome/53.0.2785.80 Safari/537.36",float64,0,3
"user_device_share_Mozilla/5.0 (Windows NT 10.0; Win64; x64) AppleWebKit/537.36 (KHTML, like Gecko) Chrome/53.0.2785.80 Safari/537.36 Vivaldi/1.3.582.3",float64,0,2
"user_device_share_Mozilla/5.0 (Windows NT 10.0; Win64; x64) AppleWebKit/537.36 (KHTML, like Gecko) Chrome/53.0.2785.89 Safari/537.36",float64,0,11
"user_device_share_Mozilla/5.0 (Windows NT 10.0; Win64; x64) AppleWebKit/537.36 (KHTML, like Gecko) Chrome/54.0.2787.0 Safari/537.36",float64,0,2
"user_device_share_Mozilla/5.0 (Windows NT 10.0; Win64; x64) AppleWebKit/537.36 (KHTML, like Gecko) Chrome/54.0.2789.0 Safari/537.36",float64,0,2
"user_device_share_Mozilla/5.0 (Windows NT 10.0; Win64; x64) AppleWebKit/537.36 (KHTML, like Gecko) Chrome/54.0.2790.0 Safari/537.36",float64,0,2
"user_device_share_Mozilla/5.0 (Windows NT 10.0; Win64; x64) AppleWebKit/537.36 (KHTML, like Gecko) Chrome/54.0.2791.0 Safari/537.36",float64,0,2
"user_device_share_Mozilla/5.0 (Windows NT 10.0; Win64; x64) AppleWebKit/537.36 (KHTML, like Gecko) Chrome/54.0.2793.0 Safari/537.36",float64,0,2
"user_device_share_Mozilla/5.0 (Windows NT 10.0; Win64; x64) AppleWebKit/537.36 (KHTML, like Gecko) Chrome/54.0.2794.0 Safari/537.36",float64,0,2
"user_device_share_Mozilla/5.0 (Windows NT 10.0; Win64; x64) AppleWebKit/537.36 (KHTML, like Gecko) Chrome/54.0.2796.2 Safari/537.36",float64,0,2
"user_device_share_Mozilla/5.0 (Windows NT 10.0; Win64; x64) AppleWebKit/537.36 (KHTML, like Gecko) Chrome/54.0.2797.0 Safari/537.36",float64,0,2
"user_device_share_Mozilla/5.0 (Windows NT 10.0; Win64; x64) AppleWebKit/537.36 (KHTML, like Gecko) Chrome/54.0.2799.0 Safari/537.36",float64,0,2
"user_device_share_Mozilla/5.0 (Windows NT 10.0; Win64; x64) AppleWebKit/537.36 (KHTML, like Gecko) Chrome/54.0.2803.0 Safari/537.36",float64,0,3
"user_device_share_Mozilla/5.0 (Windows NT 10.0; Win64; x64) AppleWebKit/537.36 (KHTML, like Gecko) Chrome/54.0.2805.0 Safari/537.36",float64,0,2
"user_device_share_Mozilla/5.0 (Windows NT 10.0; Win64; x64) AppleWebKit/537.36 (KHTML, like Gecko) Chrome/54.0.2807.1 Safari/537.36",float64,0,2
"user_device_share_Mozilla/5.0 (Windows NT 10.0; Win64; x64) AppleWebKit/537.36 (KHTML, like Gecko) Chrome/54.0.2810.2 Safari/537.36",float64,0,2
"user_device_share_Mozilla/5.0 (Windows NT 10.0; Win64; x64) AppleWebKit/537.36 (KHTML, like Gecko) Chrome/54.0.2811.0 Safari/537.36",float64,0,3
"user_device_share_Mozilla/5.0 (Windows NT 10.0; Win64; x64) AppleWebKit/537.36 (KHTML, like Gecko) Chrome/54.0.2815.0 Safari/537.36",float64,0,2
"user_device_share_Mozilla/5.0 (Windows NT 10.0; Win64; x64) AppleWebKit/537.36 (KHTML, like Gecko) Chrome/54.0.2816.0 Safari/537.36",float64,0,3
"user_device_share_Mozilla/5.0 (Windows NT 10.0; Win64; x64) AppleWebKit/537.36 (KHTML, like Gecko) Chrome/54.0.2817.0 Safari/537.36",float64,0,3
"user_device_share_Mozilla/5.0 (Windows NT 10.0; Win64; x64) AppleWebKit/537.36 (KHTML, like Gecko) Chrome/54.0.2820.0 Safari/537.36",float64,0,3
"user_device_share_Mozilla/5.0 (Windows NT 10.0; Win64; x64) AppleWebKit/537.36 (KHTML, like Gecko) Chrome/54.0.2823.0 Safari/537.36",float64,0,3
"user_device_share_Mozilla/5.0 (Windows NT 10.0; Win64; x64) AppleWebKit/537.36 (KHTML, like Gecko) Chrome/54.0.2825.0 Safari/537.36",float64,0,2
"user_device_share_Mozilla/5.0 (Windows NT 10.0; Win64; x64) AppleWebKit/537.36 (KHTML, like Gecko) Chrome/54.0.2826.0 Safari/537.36",float64,0,2
"user_device_share_Mozilla/5.0 (Windows NT 10.0; Win64; x64) AppleWebKit/537.36 (KHTML, like Gecko) Chrome/54.0.2827.0 Safari/537.36",float64,0,2
"user_device_share_Mozilla/5.0 (Windows NT 10.0; Win64; x64) AppleWebKit/537.36 (KHTML, like Gecko) Chrome/54.0.2830.0 Safari/537.36",float64,0,3
"user_device_share_Mozilla/5.0 (Windows NT 10.0; Win64; x64) AppleWebKit/537.36 (KHTML, like Gecko) Chrome/54.0.2831.0 Safari/537.36",float64,0,2
"user_device_share_Mozilla/5.0 (Windows NT 10.0; Win64; x64) AppleWebKit/537.36 (KHTML, like Gecko) Chrome/54.0.2832.0 Safari/537.36",float64,0,2
"user_device_share_Mozilla/5.0 (Windows NT 10.0; Win64; x64) AppleWebKit/537.36 (KHTML, like Gecko) Chrome/54.0.2832.2 Safari/537.36",float64,0,2
"user_device_share_Mozilla/5.0 (Windows NT 10.0; Win64; x64) AppleWebKit/537.36 (KHTML, like Gecko) Chrome/54.0.2836.0 Safari/537.36",float64,0,2
"user_device_share_Mozilla/5.0 (Windows NT 10.0; Win64; x64) AppleWebKit/537.36 (KHTML, like Gecko) Chrome/54.0.2837.0 Safari/537.36",float64,0,3
"user_device_share_Mozilla/5.0 (Windows NT 10.0; Win64; x64) AppleWebKit/537.36 (KHTML, like Gecko) Chrome/54.0.2839.2 Safari/537.36",float64,0,2
"user_device_share_Mozilla/5.0 (Windows NT 10.0; Win64; x64) AppleWebKit/537.36 (KHTML, like Gecko) Chrome/54.0.2840.0 Safari/537.36",float64,0,2
"user_device_share_Mozilla/5.0 (Windows NT 10.0; Win64; x64) AppleWebKit/537.36 (KHTML, like Gecko) Chrome/54.0.2840.16 Safari/537.36",float64,0,2
"user_device_share_Mozilla/5.0 (Windows NT 10.0; Win64; x64) AppleWebKit/537.36 (KHTML, like Gecko) Chrome/54.0.2840.27 Safari/537.36",float64,0,3
"user_device_share_Mozilla/5.0 (Windows NT 10.0; Win64; x64) AppleWebKit/537.36 (KHTML, like Gecko) Chrome/54.0.2840.34 Safari/537.36",float64,0,2
"user_device_share_Mozilla/5.0 (Windows NT 10.0; Win64; x64) AppleWebKit/537.36 (KHTML, like Gecko) Chrome/54.0.2840.41 Safari/537.36",float64,0,3
"user_device_share_Mozilla/5.0 (Windows NT 10.0; Win64; x64) AppleWebKit/537.36 (KHTML, like Gecko) Chrome/54.0.2840.50 Safari/537.36",float64,0,2
"user_device_share_Mozilla/5.0 (Windows NT 10.0; Win64; x64) AppleWebKit/537.36 (KHTML, like Gecko) Chrome/54.0.2840.59 Safari/537.36",float64,0,9
"user_device_share_Mozilla/5.0 (Windows NT 10.0; Win64; x64) AppleWebKit/537.36 (KHTML, like Gecko) Chrome/54.0.2840.71 Safari/537.36",float64,0,56
"user_device_share_Mozilla/5.0 (Windows NT 10.0; Win64; x64) AppleWebKit/537.36 (KHTML, like Gecko) Chrome/54.0.2840.87 Safari/537.36",float64,0,11
"user_device_share_Mozilla/5.0 (Windows NT 10.0; Win64; x64) AppleWebKit/537.36 (KHTML, like Gecko) Chrome/54.0.2840.99 Safari/537.36",float64,0,74
"user_device_share_Mozilla/5.0 (Windows NT 10.0; Win64; x64) AppleWebKit/537.36 (KHTML, like Gecko) Chrome/55.0.2843.0 Safari/537.36",float64,0,2
"user_device_share_Mozilla/5.0 (Windows NT 10.0; Win64; x64) AppleWebKit/537.36 (KHTML, like Gecko) Chrome/55.0.2844.0 Safari/537.36",float64,0,2
"user_device_share_Mozilla/5.0 (Windows NT 10.0; Win64; x64) AppleWebKit/537.36 (KHTML, like Gecko) Chrome/55.0.2845.0 Safari/537.36",float64,0,2
"user_device_share_Mozilla/5.0 (Windows NT 10.0; Win64; x64) AppleWebKit/537.36 (KHTML, like Gecko) Chrome/55.0.2847.0 Safari/537.36",float64,0,4
"user_device_share_Mozilla/5.0 (Windows NT 10.0; Win64; x64) AppleWebKit/537.36 (KHTML, like Gecko) Chrome/55.0.2850.0 Safari/537.36",float64,0,3
"user_device_share_Mozilla/5.0 (Windows NT 10.0; Win64; x64) AppleWebKit/537.36 (KHTML, like Gecko) Chrome/55.0.2851.0 Safari/537.36",float64,0,3
"user_device_share_Mozilla/5.0 (Windows NT 10.0; Win64; x64) AppleWebKit/537.36 (KHTML, like Gecko) Chrome/55.0.2853.0 Safari/537.36",float64,0,2
"user_device_share_Mozilla/5.0 (Windows NT 10.0; Win64; x64) AppleWebKit/537.36 (KHTML, like Gecko) Chrome/55.0.2854.2 Safari/537.36",float64,0,2
"user_device_share_Mozilla/5.0 (Windows NT 10.0; Win64; x64) AppleWebKit/537.36 (KHTML, like Gecko) Chrome/55.0.2858.0 Safari/537.36",float64,0,2
"user_device_share_Mozilla/5.0 (Windows NT 10.0; Win64; x64) AppleWebKit/537.36 (KHTML, like Gecko) Chrome/55.0.2859.0 Safari/537.36",float64,0,2
"user_device_share_Mozilla/5.0 (Windows NT 10.0; Win64; x64) AppleWebKit/537.36 (KHTML, like Gecko) Chrome/55.0.2861.0 Safari/537.36",float64,0,3
"user_device_share_Mozilla/5.0 (Windows NT 10.0; Win64; x64) AppleWebKit/537.36 (KHTML, like Gecko) Chrome/55.0.2865.0 Safari/537.36",float64,0,2
"user_device_share_Mozilla/5.0 (Windows NT 10.0; Win64; x64) AppleWebKit/537.36 (KHTML, like Gecko) Chrome/55.0.2866.0 Safari/537.36",float64,0,2
"user_device_share_Mozilla/5.0 (Windows NT 10.0; Win64; x64) AppleWebKit/537.36 (KHTML, like Gecko) Chrome/55.0.2867.0 Safari/537.36",float64,0,2
"user_device_share_Mozilla/5.0 (Windows NT 10.0; Win64; x64) AppleWebKit/537.36 (KHTML, like Gecko) Chrome/55.0.2868.0 Safari/537.36",float64,0,2
"user_device_share_Mozilla/5.0 (Windows NT 10.0; Win64; x64) AppleWebKit/537.36 (KHTML, like Gecko) Chrome/55.0.2872.0 Safari/537.36",float64,0,2
"user_device_share_Mozilla/5.0 (Windows NT 10.0; Win64; x64) AppleWebKit/537.36 (KHTML, like Gecko) Chrome/55.0.2883.21 Safari/537.36",float64,0,2
"user_device_share_Mozilla/5.0 (Windows NT 10.0; Win64; x64) AppleWebKit/537.36 (KHTML, like Gecko) Chrome/55.0.2883.28 Safari/537.36",float64,0,3
"user_device_share_Mozilla/5.0 (Windows NT 10.0; Win64; x64) AppleWebKit/537.36 (KHTML, like Gecko) Chrome/55.0.2883.35 Safari/537.36",float64,0,2
"user_device_share_Mozilla/5.0 (Windows NT 10.0; Win64; x64) AppleWebKit/537.36 (KHTML, like Gecko) Chrome/55.0.2883.44 Safari/537.36",float64,0,3
"user_device_share_Mozilla/5.0 (Windows NT 10.0; Win64; x64) AppleWebKit/537.36 (KHTML, like Gecko) Chrome/55.0.2883.52 Safari/537.36",float64,0,2
"user_device_share_Mozilla/5.0 (Windows NT 10.0; Win64; x64) AppleWebKit/537.36 (KHTML, like Gecko) Chrome/55.0.2883.59 Safari/537.36",float64,0,4
"user_device_share_Mozilla/5.0 (Windows NT 10.0; Win64; x64) AppleWebKit/537.36 (KHTML, like Gecko) Chrome/55.0.2883.75 Safari/537.36",float64,0,9
"user_device_share_Mozilla/5.0 (Windows NT 10.0; Win64; x64) AppleWebKit/537.36 (KHTML, like Gecko) Chrome/55.0.2883.87 Safari/537.36",float64,0,94
"user_device_share_Mozilla/5.0 (Windows NT 10.0; Win64; x64) AppleWebKit/537.36 (KHTML, like Gecko) Chrome/56.0.2887.0 Safari/537.36",float64,0,2
"user_device_share_Mozilla/5.0 (Windows NT 10.0; Win64; x64) AppleWebKit/537.36 (KHTML, like Gecko) Chrome/56.0.2904.0 Safari/537.36",float64,0,2
"user_device_share_Mozilla/5.0 (Windows NT 10.0; Win64; x64) AppleWebKit/537.36 (KHTML, like Gecko) Chrome/56.0.2924.21 Safari/537.36",float64,0,4
"user_device_share_Mozilla/5.0 (Windows NT 10.0; Win64; x64) AppleWebKit/537.36 (KHTML, like Gecko) Chrome/56.0.2924.28 Safari/537.36",float64,0,7
"user_device_share_Mozilla/5.0 (Windows NT 10.0; Win64; x64) AppleWebKit/537.36 (KHTML, like Gecko) Chrome/56.0.2924.51 Safari/537.36",float64,0,2
"user_device_share_Mozilla/5.0 (Windows NT 10.0; Win64; x64) AppleWebKit/537.36 (KHTML, like Gecko) Chrome/56.0.2924.59 Safari/537.36",float64,0,3
"user_device_share_Mozilla/5.0 (Windows NT 10.0; Win64; x64) AppleWebKit/537.36 (KHTML, like Gecko) Chrome/56.0.2924.67 Safari/537.36",float64,0,2
"user_device_share_Mozilla/5.0 (Windows NT 10.0; Win64; x64) AppleWebKit/537.36 (KHTML, like Gecko) Chrome/56.0.2924.76 Safari/537.36",float64,0,6
"user_device_share_Mozilla/5.0 (Windows NT 10.0; Win64; x64) AppleWebKit/537.36 (KHTML, like Gecko) Chrome/56.0.2924.87 Safari/537.36",float64,0,81
"user_device_share_Mozilla/5.0 (Windows NT 10.0; Win64; x64) AppleWebKit/537.36 (KHTML, like Gecko) Chrome/57.0.2939.0 Safari/537.36",float64,0,2
"user_device_share_Mozilla/5.0 (Windows NT 10.0; Win64; x64) AppleWebKit/537.36 (KHTML, like Gecko) Chrome/57.0.2978.4 Safari/537.36",float64,0,2
"user_device_share_Mozilla/5.0 (Windows NT 10.0; Win64; x64) AppleWebKit/537.36 (KHTML, like Gecko) Chrome/57.0.2982.0 Safari/537.36",float64,0,2
"user_device_share_Mozilla/5.0 (Windows NT 10.0; Win64; x64) AppleWebKit/537.36 (KHTML, like Gecko) Chrome/57.0.2986.0 Safari/537.36",float64,0,2
"user_device_share_Mozilla/5.0 (Windows NT 10.0; Win64; x64) AppleWebKit/537.36 (KHTML, like Gecko) Chrome/57.0.2987.21 Safari/537.36",float64,0,5
"user_device_share_Mozilla/5.0 (Windows NT 10.0; Win64; x64) AppleWebKit/537.36 (KHTML, like Gecko) Chrome/57.0.2987.37 Safari/537.36",float64,0,5
"user_device_share_Mozilla/5.0 (Windows NT 10.0; Win64; x64) AppleWebKit/537.36 (KHTML, like Gecko) Chrome/57.0.2987.54 Safari/537.36",float64,0,4
"user_device_share_Mozilla/5.0 (Windows NT 10.0; Win64; x64) AppleWebKit/537.36 (KHTML, like Gecko) Chrome/58.0.2991.0 Safari/537.36",float64,0,2
"user_device_share_Mozilla/5.0 (Windows NT 10.0; Win64; x64) AppleWebKit/537.36 (KHTML, like Gecko) SmartCanvas/0.1.0 Chrome/49.0.2623.75 Electron/0.37.2 Safari/537.36",float64,0,3
"user_device_share_Mozilla/5.0 (Windows NT 10.0; Win64; x64) AppleWebKit/537.36 (KHTML, like Gecko) SmartCanvas/0.10.0 Chrome/47.0.2526.110 Electron/0.36.9 Safari/537.36",float64,0,3
user_device_share_Mozilla/5.0 (Windows NT 10.0; Win64; x64; rv:48.0) Gecko/20100101 Firefox/48.0.2 Waterfox/48.0.2,float64,0,2
user_device_share_Mozilla/5.0 (Windows NT 10.0; Win64; x64; rv:49.0) Gecko/20100101 Firefox/49.0.2 Waterfox/49.0.2,float64,0,2
"user_device_share_Mozilla/5.0 (Windows NT 5.1) AppleWebKit/537.36 (KHTML, like Gecko) Chrome/49.0.2623.112 Safari/537.36",float64,0,3
"user_device_share_Mozilla/5.0 (Windows NT 6.0) AppleWebKit/537.36 (KHTML, like Gecko) Chrome/49.0.2623.112 Safari/537.36",float64,0,3
"user_device_share_Mozilla/5.0 (Windows NT 6.1) AppleWebKit/537.36 (KHTML, like Gecko) Chrome/49.0.2623.110 Safari/537.36",float64,0,3
"user_device_share_Mozilla/5.0 (Windows NT 6.1) AppleWebKit/537.36 (KHTML, like Gecko) Chrome/49.0.2623.112 Safari/537.36",float64,0,4
"user_device_share_Mozilla/5.0 (Windows NT 6.1) AppleWebKit/537.36 (KHTML, like Gecko) Chrome/50.0.2661.102 Safari/537.36",float64,0,3
"user_device_share_Mozilla/5.0 (Windows NT 6.1) AppleWebKit/537.36 (KHTML, like Gecko) Chrome/50.0.2661.94 Safari/537.36",float64,0,4
"user_device_share_Mozilla/5.0 (Windows NT 6.1) AppleWebKit/537.36 (KHTML, like Gecko) Chrome/51.0.2704.103 Safari/537.36",float64,0,8
"user_device_share_Mozilla/5.0 (Windows NT 6.1) AppleWebKit/537.36 (KHTML, like Gecko) Chrome/51.0.2704.84 Safari/537.36",float64,0,5
"user_device_share_Mozilla/5.0 (Windows NT 6.1) AppleWebKit/537.36 (KHTML, like Gecko) Chrome/52.0.2743.116 Safari/537.36",float64,0,7
"user_device_share_Mozilla/5.0 (Windows NT 6.1) AppleWebKit/537.36 (KHTML, like Gecko) Chrome/53.0.2785.113 Safari/537.36",float64,0,2
"user_device_share_Mozilla/5.0 (Windows NT 6.1) AppleWebKit/537.36 (KHTML, like Gecko) Chrome/53.0.2785.116 Safari/537.36",float64,0,3
"user_device_share_Mozilla/5.0 (Windows NT 6.1) AppleWebKit/537.36 (KHTML, like Gecko) Chrome/53.0.2785.143 Safari/537.36",float64,0,4
"user_device_share_Mozilla/5.0 (Windows NT 6.1) AppleWebKit/537.36 (KHTML, like Gecko) Chrome/54.0.2840.71 Safari/537.36",float64,0,2
"user_device_share_Mozilla/5.0 (Windows NT 6.1) AppleWebKit/537.36 (KHTML, like Gecko) Chrome/54.0.2840.99 Safari/537.36",float64,0,5
"user_device_share_Mozilla/5.0 (Windows NT 6.1) AppleWebKit/537.36 (KHTML, like Gecko) Chrome/55.0.2883.87 Safari/537.36",float64,0,4
"user_device_share_Mozilla/5.0 (Windows NT 6.1) AppleWebKit/537.36 (KHTML, like Gecko) SmartCanvas/0.10.0 Chrome/47.0.2526.110 Electron/0.36.9 Safari/537.36",float64,0,2
"user_device_share_Mozilla/5.0 (Windows NT 6.1; WOW64) AppleWebKit/537.36 (KHTML, like Gecko) Chrome/48.0.2564.103 Safari/537.36",float64,0,2
"user_device_share_Mozilla/5.0 (Windows NT 6.1; WOW64) AppleWebKit/537.36 (KHTML, like Gecko) Chrome/48.0.2564.109 Safari/537.36",float64,0,2
"user_device_share_Mozilla/5.0 (Windows NT 6.1; WOW64) AppleWebKit/537.36 (KHTML, like Gecko) Chrome/48.0.2564.116 Safari/537.36",float64,0,4
"user_device_share_Mozilla/5.0 (Windows NT 6.1; WOW64) AppleWebKit/537.36 (KHTML, like Gecko) Chrome/49.0.2623.108 Safari/537.36",float64,0,4
"user_device_share_Mozilla/5.0 (Windows NT 6.1; WOW64) AppleWebKit/537.36 (KHTML, like Gecko) Chrome/49.0.2623.110 Safari/537.36",float64,0,82
"user_device_share_Mozilla/5.0 (Windows NT 6.1; WOW64) AppleWebKit/537.36 (KHTML, like Gecko) Chrome/49.0.2623.112 Safari/537.36",float64,0,105
"user_device_share_Mozilla/5.0 (Windows NT 6.1; WOW64) AppleWebKit/537.36 (KHTML, like Gecko) Chrome/49.0.2623.87 Safari/537.36",float64,0,47
"user_device_share_Mozilla/5.0 (Windows NT 6.1; WOW64) AppleWebKit/537.36 (KHTML, like Gecko) Chrome/50.0.2661.102 Safari/537.36",float64,0,106
"user_device_share_Mozilla/5.0 (Windows NT 6.1; WOW64) AppleWebKit/537.36 (KHTML, like Gecko) Chrome/50.0.2661.102 Safari/537.36 Vivaldi/1.1.453.59",float64,0,2
"user_device_share_Mozilla/5.0 (Windows NT 6.1; WOW64) AppleWebKit/537.36 (KHTML, like Gecko) Chrome/50.0.2661.75 Safari/537.36",float64,0,13
"user_device_share_Mozilla/5.0 (Windows NT 6.1; WOW64) AppleWebKit/537.36 (KHTML, like Gecko) Chrome/50.0.2661.87 Safari/537.36",float64,0,17
"user_device_share_Mozilla/5.0 (Windows NT 6.1; WOW64) AppleWebKit/537.36 (KHTML, like Gecko) Chrome/50.0.2661.87 Safari/537.36 OPR/37.0.2178.32",float64,0,2
"user_device_share_Mozilla/5.0 (Windows NT 6.1; WOW64) AppleWebKit/537.36 (KHTML, like Gecko) Chrome/50.0.2661.94 Safari/537.36",float64,0,96
"user_device_share_Mozilla/5.0 (Windows NT 6.1; WOW64) AppleWebKit/537.36 (KHTML, like Gecko) Chrome/50.0.2661.94 Safari/537.36 OPR/37.0.2178.43",float64,0,2
"user_device_share_Mozilla/5.0 (Windows NT 6.1; WOW64) AppleWebKit/537.36 (KHTML, like Gecko) Chrome/50.0.2661.94 Safari/537.36 Vivaldi/1.1.453.52",float64,0,2
"user_device_share_Mozilla/5.0 (Windows NT 6.1; WOW64) AppleWebKit/537.36 (KHTML, like Gecko) Chrome/51.0.2704.103 Safari/537.36",float64,0,105
"user_device_share_Mozilla/5.0 (Windows NT 6.1; WOW64) AppleWebKit/537.36 (KHTML, like Gecko) Chrome/51.0.2704.103 Safari/537.36 PTST/284",float64,0,2
"user_device_share_Mozilla/5.0 (Windows NT 6.1; WOW64) AppleWebKit/537.36 (KHTML, like Gecko) Chrome/51.0.2704.103 Safari/537.36 Vivaldi/1.2.490.43",float64,0,2
"user_device_share_Mozilla/5.0 (Windows NT 6.1; WOW64) AppleWebKit/537.36 (KHTML, like Gecko) Chrome/51.0.2704.106 Safari/537.36",float64,0,14
"user_device_share_Mozilla/5.0 (Windows NT 6.1; WOW64) AppleWebKit/537.36 (KHTML, like Gecko) Chrome/51.0.2704.63 Safari/537.36",float64,0,7
"user_device_share_Mozilla/5.0 (Windows NT 6.1; WOW64) AppleWebKit/537.36 (KHTML, like Gecko) Chrome/51.0.2704.79 Safari/537.36",float64,0,16
"user_device_share_Mozilla/5.0 (Windows NT 6.1; WOW64) AppleWebKit/537.36 (KHTML, like Gecko) Chrome/51.0.2704.79 Safari/537.36 Vivaldi/1.2.490.39",float64,0,2
"user_device_share_Mozilla/5.0 (Windows NT 6.1; WOW64) AppleWebKit/537.36 (KHTML, like Gecko) Chrome/51.0.2704.84 Safari/537.36",float64,0,68
"user_device_share_Mozilla/5.0 (Windows NT 6.1; WOW64) AppleWebKit/537.36 (KHTML, like Gecko) Chrome/52.0.2743.116 Safari/537.36",float64,0,54
"user_device_share_Mozilla/5.0 (Windows NT 6.1; WOW64) AppleWebKit/537.36 (KHTML, like Gecko) Chrome/52.0.2743.116 Safari/537.36 OPR/39.0.2256.71",float64,0,2
"user_device_share_Mozilla/5.0 (Windows NT 6.1; WOW64) AppleWebKit/537.36 (KHTML, like Gecko) Chrome/52.0.2743.117 Safari/537.36 Vivaldi/1.3.551.38",float64,0,2
"user_device_share_Mozilla/5.0 (Windows NT 6.1; WOW64) AppleWebKit/537.36 (KHTML, like Gecko) Chrome/52.0.2743.82 Safari/537.36",float64,0,9
"user_device_share_Mozilla/5.0 (Windows NT 6.1; WOW64) AppleWebKit/537.36 (KHTML, like Gecko) Chrome/53.0.2778.1 Safari/537.36",float64,0,2
"user_device_share_Mozilla/5.0 (Windows NT 6.1; WOW64) AppleWebKit/537.36 (KHTML, like Gecko) Chrome/53.0.2785.101 Safari/537.36",float64,0,3
"user_device_share_Mozilla/5.0 (Windows NT 6.1; WOW64) AppleWebKit/537.36 (KHTML, like Gecko) Chrome/53.0.2785.101 Safari/537.36 OPR/40.0.2308.62",float64,0,2
"user_device_share_Mozilla/5.0 (Windows NT 6.1; WOW64) AppleWebKit/537.36 (KHTML, like Gecko) Chrome/53.0.2785.113 Safari/537.36",float64,0,2
"user_device_share_Mozilla/5.0 (Windows NT 6.1; WOW64) AppleWebKit/537.36 (KHTML, like Gecko) Chrome/53.0.2785.116 Safari/537.36",float64,0,25
"user_device_share_Mozilla/5.0 (Windows NT 6.1; WOW64) AppleWebKit/537.36 (KHTML, like Gecko) Chrome/53.0.2785.116 Safari/537.36 OPR/40.0.2308.81",float64,0,3
"user_device_share_Mozilla/5.0 (Windows NT 6.1; WOW64) AppleWebKit/537.36 (KHTML, like Gecko) Chrome/53.0.2785.143 Safari/537.36",float64,0,27
"user_device_share_Mozilla/5.0 (Windows NT 6.1; WOW64) AppleWebKit/537.36 (KHTML, like Gecko) Chrome/53.0.2785.89 Safari/537.36",float64,0,2
"user_device_share_Mozilla/5.0 (Windows NT 6.1; WOW64) AppleWebKit/537.36 (KHTML, like Gecko) Chrome/54.0.2832.2 Safari/537.36",float64,0,2
"user_device_share_Mozilla/5.0 (Windows NT 6.1; WOW64) AppleWebKit/537.36 (KHTML, like Gecko) Chrome/54.0.2840.59 Safari/537.36",float64,0,3
"user_device_share_Mozilla/5.0 (Windows NT 6.1; WOW64) AppleWebKit/537.36 (KHTML, like Gecko) Chrome/54.0.2840.71 Safari/537.36",float64,0,22
"user_device_share_Mozilla/5.0 (Windows NT 6.1; WOW64) AppleWebKit/537.36 (KHTML, like Gecko) Chrome/54.0.2840.87 Safari/537.36",float64,0,4
"user_device_share_Mozilla/5.0 (Windows NT 6.1; WOW64) AppleWebKit/537.36 (KHTML, like Gecko) Chrome/54.0.2840.99 Safari/537.36",float64,0,23
"user_device_share_Mozilla/5.0 (Windows NT 6.1; WOW64) AppleWebKit/537.36 (KHTML, like Gecko) Chrome/55.0.2883.75 Safari/537.36",float64,0,6
"user_device_share_Mozilla/5.0 (Windows NT 6.1; WOW64) AppleWebKit/537.36 (KHTML, like Gecko) Chrome/55.0.2883.87 Safari/537.36",float64,0,26
"user_device_share_Mozilla/5.0 (Windows NT 6.1; WOW64) AppleWebKit/537.36 (KHTML, like Gecko) Chrome/56.0.2924.76 Safari/537.36",float64,0,2
"user_device_share_Mozilla/5.0 (Windows NT 6.1; WOW64) AppleWebKit/537.36 (KHTML, like Gecko) Chrome/56.0.2924.87 Safari/537.36",float64,0,18
user_device_share_Mozilla/5.0 (Windows NT 6.1; WOW64; rv:31.0) Gecko/20100101 Firefox/31.0,float64,0,2
user_device_share_Mozilla/5.0 (Windows NT 6.1; WOW64; rv:45.0) Gecko/20100101 Firefox/45.0,float64,0,5
user_device_share_Mozilla/5.0 (Windows NT 6.1; WOW64; rv:46.0) Gecko/20100101 Firefox/46.0,float64,0,8
user_device_share_Mozilla/5.0 (Windows NT 6.1; WOW64; rv:47.0) Gecko/20100101 Firefox/47.0,float64,0,12
user_device_share_Mozilla/5.0 (Windows NT 6.1; WOW64; rv:48.0) Gecko/20100101 Firefox/48.0,float64,0,2
user_device_share_Mozilla/5.0 (Windows NT 6.1; WOW64; rv:49.0) Gecko/20100101 Firefox/49.0,float64,0,4
user_device_share_Mozilla/5.0 (Windows NT 6.1; WOW64; rv:50.0) Gecko/20100101 Firefox/50.0,float64,0,4
user_device_share_Mozilla/5.0 (Windows NT 6.1; WOW64; rv:51.0) Gecko/20100101 Firefox/51.0,float64,0,3
"user_device_share_Mozilla/5.0 (Windows NT 6.1; Win64; x64) AppleWebKit/537.36 (KHTML, like Gecko) Chrome/49.0.2623.108 Safari/537.36",float64,0,2
"user_device_share_Mozilla/5.0 (Windows NT 6.1; Win64; x64) AppleWebKit/537.36 (KHTML, like Gecko) Chrome/49.0.2623.110 Safari/537.36",float64,0,12
"user_device_share_Mozilla/5.0 (Windows NT 6.1; Win64; x64) AppleWebKit/537.36 (KHTML, like Gecko) Chrome/49.0.2623.112 Safari/537.36",float64,0,16
"user_device_share_Mozilla/5.0 (Windows NT 6.1; Win64; x64) AppleWebKit/537.36 (KHTML, like Gecko) Chrome/49.0.2623.87 Safari/537.36",float64,0,5
"user_device_share_Mozilla/5.0 (Windows NT 6.1; Win64; x64) AppleWebKit/537.36 (KHTML, like Gecko) Chrome/50.0.2661.102 Safari/537.36",float64,0,19
"user_device_share_Mozilla/5.0 (Windows NT 6.1; Win64; x64) AppleWebKit/537.36 (KHTML, like Gecko) Chrome/50.0.2661.37 Safari/537.36",float64,0,2
"user_device_share_Mozilla/5.0 (Windows NT 6.1; Win64; x64) AppleWebKit/537.36 (KHTML, like Gecko) Chrome/50.0.2661.57 Safari/537.36",float64,0,3
"user_device_share_Mozilla/5.0 (Windows NT 6.1; Win64; x64) AppleWebKit/537.36 (KHTML, like Gecko) Chrome/50.0.2661.66 Safari/537.36",float64,0,3
"user_device_share_Mozilla/5.0 (Windows NT 6.1; Win64; x64) AppleWebKit/537.36 (KHTML, like Gecko) Chrome/50.0.2661.75 Safari/537.36",float64,0,7
"user_device_share_Mozilla/5.0 (Windows NT 6.1; Win64; x64) AppleWebKit/537.36 (KHTML, like Gecko) Chrome/50.0.2661.87 Safari/537.36",float64,0,3
"user_device_share_Mozilla/5.0 (Windows NT 6.1; Win64; x64) AppleWebKit/537.36 (KHTML, like Gecko) Chrome/50.0.2661.94 Safari/537.36",float64,0,14
"user_device_share_Mozilla/5.0 (Windows NT 6.1; Win64; x64) AppleWebKit/537.36 (KHTML, like Gecko) Chrome/51.0.2703.0 Safari/537.36",float64,0,2
"user_device_share_Mozilla/5.0 (Windows NT 6.1; Win64; x64) AppleWebKit/537.36 (KHTML, like Gecko) Chrome/51.0.2704.103 Safari/537.36",float64,0,17
"user_device_share_Mozilla/5.0 (Windows NT 6.1; Win64; x64) AppleWebKit/537.36 (KHTML, like Gecko) Chrome/51.0.2704.106 Safari/537.36",float64,0,5
"user_device_share_Mozilla/5.0 (Windows NT 6.1; Win64; x64) AppleWebKit/537.36 (KHTML, like Gecko) Chrome/51.0.2704.22 Safari/537.36",float64,0,2
"user_device_share_Mozilla/5.0 (Windows NT 6.1; Win64; x64) AppleWebKit/537.36 (KHTML, like Gecko) Chrome/51.0.2704.29 Safari/537.36",float64,0,3
"user_device_share_Mozilla/5.0 (Windows NT 6.1; Win64; x64) AppleWebKit/537.36 (KHTML, like Gecko) Chrome/51.0.2704.36 Safari/537.36",float64,0,3
"user_device_share_Mozilla/5.0 (Windows NT 6.1; Win64; x64) AppleWebKit/537.36 (KHTML, like Gecko) Chrome/51.0.2704.47 Safari/537.36",float64,0,3
"user_device_share_Mozilla/5.0 (Windows NT 6.1; Win64; x64) AppleWebKit/537.36 (KHTML, like Gecko) Chrome/51.0.2704.54 Safari/537.36",float64,0,2
"user_device_share_Mozilla/5.0 (Windows NT 6.1; Win64; x64) AppleWebKit/537.36 (KHTML, like Gecko) Chrome/51.0.2704.79 Safari/537.36",float64,0,2
"user_device_share_Mozilla/5.0 (Windows NT 6.1; Win64; x64) AppleWebKit/537.36 (KHTML, like Gecko) Chrome/51.0.2704.84 Safari/537.36",float64,0,8
"user_device_share_Mozilla/5.0 (Windows NT 6.1; Win64; x64) AppleWebKit/537.36 (KHTML, like Gecko) Chrome/52.0.2705.0 Safari/537.36",float64,0,2
"user_device_share_Mozilla/5.0 (Windows NT 6.1; Win64; x64) AppleWebKit/537.36 (KHTML, like Gecko) Chrome/52.0.2713.0 Safari/537.36",float64,0,2
"user_device_share_Mozilla/5.0 (Windows NT 6.1; Win64; x64) AppleWebKit/537.36 (KHTML, like Gecko) Chrome/52.0.2720.0 Safari/537.36",float64,0,2
"user_device_share_Mozilla/5.0 (Windows NT 6.1; Win64; x64) AppleWebKit/537.36 (KHTML, like Gecko) Chrome/52.0.2722.0 Safari/537.36",float64,0,2
"user_device_share_Mozilla/5.0 (Windows NT 6.1; Win64; x64) AppleWebKit/537.36 (KHTML, like Gecko) Chrome/52.0.2726.0 Safari/537.36",float64,0,2
"user_device_share_Mozilla/5.0 (Windows NT 6.1; Win64; x64) AppleWebKit/537.36 (KHTML, like Gecko) Chrome/52.0.2729.0 Safari/537.36",float64,0,2
"user_device_share_Mozilla/5.0 (Windows NT 6.1; Win64; x64) AppleWebKit/537.36 (KHTML, like Gecko) Chrome/52.0.2730.0 Safari/537.36",float64,0,2
"user_device_share_Mozilla/5.0 (Windows NT 6.1; Win64; x64) AppleWebKit/537.36 (KHTML, like Gecko) Chrome/52.0.2738.0 Safari/537.36",float64,0,2
"user_device_share_Mozilla/5.0 (Windows NT 6.1; Win64; x64) AppleWebKit/537.36 (KHTML, like Gecko) Chrome/52.0.2739.0 Safari/537.36",float64,0,2
"user_device_share_Mozilla/5.0 (Windows NT 6.1; Win64; x64) AppleWebKit/537.36 (KHTML, like Gecko) Chrome/52.0.2743.116 Safari/537.36",float64,0,9
"user_device_share_Mozilla/5.0 (Windows NT 6.1; Win64; x64) AppleWebKit/537.36 (KHTML, like Gecko) Chrome/52.0.2743.24 Safari/537.36",float64,0,2
"user_device_share_Mozilla/5.0 (Windows NT 6.1; Win64; x64) AppleWebKit/537.36 (KHTML, like Gecko) Chrome/52.0.2743.33 Safari/537.36",float64,0,2
"user_device_share_Mozilla/5.0 (Windows NT 6.1; Win64; x64) AppleWebKit/537.36 (KHTML, like Gecko) Chrome/52.0.2743.49 Safari/537.36",float64,0,2
"user_device_share_Mozilla/5.0 (Windows NT 6.1; Win64; x64) AppleWebKit/537.36 (KHTML, like Gecko) Chrome/52.0.2743.60 Safari/537.36",float64,0,2
"user_device_share_Mozilla/5.0 (Windows NT 6.1; Win64; x64) AppleWebKit/537.36 (KHTML, like Gecko) Chrome/52.0.2743.75 Safari/537.36",float64,0,2
"user_device_share_Mozilla/5.0 (Windows NT 6.1; Win64; x64) AppleWebKit/537.36 (KHTML, like Gecko) Chrome/52.0.2743.82 Safari/537.36",float64,0,2
"user_device_share_Mozilla/5.0 (Windows NT 6.1; Win64; x64) AppleWebKit/537.36 (KHTML, like Gecko) Chrome/53.0.2750.0 Safari/537.36",float64,0,2
"user_device_share_Mozilla/5.0 (Windows NT 6.1; Win64; x64) AppleWebKit/537.36 (KHTML, like Gecko) Chrome/53.0.2751.0 Safari/537.36",float64,0,2
"user_device_share_Mozilla/5.0 (Windows NT 6.1; Win64; x64) AppleWebKit/537.36 (KHTML, like Gecko) Chrome/53.0.2754.0 Safari/537.36",float64,0,2
"user_device_share_Mozilla/5.0 (Windows NT 6.1; Win64; x64) AppleWebKit/537.36 (KHTML, like Gecko) Chrome/53.0.2757.0 Safari/537.36",float64,0,2
"user_device_share_Mozilla/5.0 (Windows NT 6.1; Win64; x64) AppleWebKit/537.36 (KHTML, like Gecko) Chrome/53.0.2773.0 Safari/537.36",float64,0,2
"user_device_share_Mozilla/5.0 (Windows NT 6.1; Win64; x64) AppleWebKit/537.36 (KHTML, like Gecko) Chrome/53.0.2774.3 Safari/537.36",float64,0,2
"user_device_share_Mozilla/5.0 (Windows NT 6.1; Win64; x64) AppleWebKit/537.36 (KHTML, like Gecko) Chrome/53.0.2781.0 Safari/537.36",float64,0,2
"user_device_share_Mozilla/5.0 (Windows NT 6.1; Win64; x64) AppleWebKit/537.36 (KHTML, like Gecko) Chrome/53.0.2783.2 Safari/537.36",float64,0,2
"user_device_share_Mozilla/5.0 (Windows NT 6.1; Win64; x64) AppleWebKit/537.36 (KHTML, like Gecko) Chrome/53.0.2785.101 Safari/537.36",float64,0,2
"user_device_share_Mozilla/5.0 (Windows NT 6.1; Win64; x64) AppleWebKit/537.36 (KHTML, like Gecko) Chrome/53.0.2785.113 Safari/537.36",float64,0,2
"user_device_share_Mozilla/5.0 (Windows NT 6.1; Win64; x64) AppleWebKit/537.36 (KHTML, like Gecko) Chrome/53.0.2785.116 Safari/537.36",float64,0,9
"user_device_share_Mozilla/5.0 (Windows NT 6.1; Win64; x64) AppleWebKit/537.36 (KHTML, like Gecko) Chrome/53.0.2785.143 Safari/537.36",float64,0,6
"user_device_share_Mozilla/5.0 (Windows NT 6.1; Win64; x64) AppleWebKit/537.36 (KHTML, like Gecko) Chrome/53.0.2785.46 Safari/537.36",float64,0,2
"user_device_share_Mozilla/5.0 (Windows NT 6.1; Win64; x64) AppleWebKit/537.36 (KHTML, like Gecko) Chrome/54.0.2787.0 Safari/537.36",float64,0,2
"user_device_share_Mozilla/5.0 (Windows NT 6.1; Win64; x64) AppleWebKit/537.36 (KHTML, like Gecko) Chrome/54.0.2840.27 Safari/537.36",float64,0,2
"user_device_share_Mozilla/5.0 (Windows NT 6.1; Win64; x64) AppleWebKit/537.36 (KHTML, like Gecko) Chrome/54.0.2840.34 Safari/537.36",float64,0,2
"user_device_share_Mozilla/5.0 (Windows NT 6.1; Win64; x64) AppleWebKit/537.36 (KHTML, like Gecko) Chrome/54.0.2840.59 Safari/537.36",float64,0,4
"user_device_share_Mozilla/5.0 (Windows NT 6.1; Win64; x64) AppleWebKit/537.36 (KHTML, like Gecko) Chrome/54.0.2840.71 Safari/537.36",float64,0,7
"user_device_share_Mozilla/5.0 (Windows NT 6.1; Win64; x64) AppleWebKit/537.36 (KHTML, like Gecko) Chrome/54.0.2840.87 Safari/537.36",float64,0,2
"user_device_share_Mozilla/5.0 (Windows NT 6.1; Win64; x64) AppleWebKit/537.36 (KHTML, like Gecko) Chrome/54.0.2840.99 Safari/537.36",float64,0,9
"user_device_share_Mozilla/5.0 (Windows NT 6.1; Win64; x64) AppleWebKit/537.36 (KHTML, like Gecko) Chrome/55.0.2883.87 Safari/537.36",float64,0,8
"user_device_share_Mozilla/5.0 (Windows NT 6.1; Win64; x64) AppleWebKit/537.36 (KHTML, like Gecko) Chrome/56.0.2924.21 Safari/537.36",float64,0,2
"user_device_share_Mozilla/5.0 (Windows NT 6.1; Win64; x64) AppleWebKit/537.36 (KHTML, like Gecko) Chrome/56.0.2924.87 Safari/537.36",float64,0,10
"user_device_share_Mozilla/5.0 (Windows NT 6.1; Win64; x64) AppleWebKit/537.36 (KHTML, like Gecko) Chrome/57.0.2987.54 Safari/537.36",float64,0,2
"user_device_share_Mozilla/5.0 (Windows NT 6.1; Win64; x64) AppleWebKit/537.36 (KHTML, like Gecko) SmartCanvas/0.1.0 Chrome/49.0.2623.75 Electron/0.37.2 Safari/537.36",float64,0,2
"user_device_share_Mozilla/5.0 (Windows NT 6.1; Win64; x64) AppleWebKit/537.36 (KHTML, like Gecko) SmartCanvas/0.10.0 Chrome/47.0.2526.110 Electron/0.36.9 Safari/537.36",float64,0,3
user_device_share_Mozilla/5.0 (Windows NT 6.1; rv:31.0) Gecko/20100101 Firefox/31.0,float64,0,2
user_device_share_Mozilla/5.0 (Windows NT 6.1; rv:45.0) Gecko/20100101 Firefox/45.0,float64,0,2
user_device_share_Mozilla/5.0 (Windows NT 6.1; rv:46.0) Gecko/20100101 Firefox/46.0,float64,0,2
user_device_share_Mozilla/5.0 (Windows NT 6.1; rv:47.0) Gecko/20100101 Firefox/47.0,float64,0,2
user_device_share_Mozilla/5.0 (Windows NT 6.1; rv:50.0) Gecko/20100101 Firefox/50.0,float64,0,2
"user_device_share_Mozilla/5.0 (Windows NT 6.2; WOW64) AppleWebKit/537.36 (KHTML, like Gecko) Chrome/49.0.2623.110 Safari/537.36",float64,0,2
"user_device_share_Mozilla/5.0 (Windows NT 6.2; WOW64) AppleWebKit/537.36 (KHTML, like Gecko) Chrome/49.0.2623.112 Safari/537.36",float64,0,2
"user_device_share_Mozilla/5.0 (Windows NT 6.2; WOW64) AppleWebKit/537.36 (KHTML, like Gecko) Chrome/50.0.2661.102 Safari/537.36",float64,0,2
"user_device_share_Mozilla/5.0 (Windows NT 6.2; WOW64) AppleWebKit/537.36 (KHTML, like Gecko) Chrome/53.0.2785.116 Safari/537.36",float64,0,2
"user_device_share_Mozilla/5.0 (Windows NT 6.2; WOW64) AppleWebKit/537.36 (KHTML, like Gecko) Chrome/55.0.2883.87 Safari/537.36",float64,0,2
"user_device_share_Mozilla/5.0 (Windows NT 6.2; Win64; x64) AppleWebKit/537.36 (KHTML, like Gecko) Chrome/54.0.2840.99 Safari/537.36",float64,0,2
user_device_share_Mozilla/5.0 (Windows NT 6.2; Win64; x64; rv:46.0) Gecko/20100101 Firefox/46.0,float64,0,2
user_device_share_Mozilla/5.0 (Windows NT 6.2; Win64; x64; rv:50.0) Gecko/20100101 Firefox/50.0,float64,0,2
"user_device_share_Mozilla/5.0 (Windows NT 6.3; WOW64) AppleWebKit/537.36 (KHTML, like Gecko) Chrome/48.0.2564.109 Safari/537.36",float64,0,3
"user_device_share_Mozilla/5.0 (Windows NT 6.3; WOW64) AppleWebKit/537.36 (KHTML, like Gecko) Chrome/48.0.2564.116 Safari/537.36",float64,0,2
"user_device_share_Mozilla/5.0 (Windows NT 6.3; WOW64) AppleWebKit/537.36 (KHTML, like Gecko) Chrome/49.0.2623.108 Safari/537.36",float64,0,2
"user_device_share_Mozilla/5.0 (Windows NT 6.3; WOW64) AppleWebKit/537.36 (KHTML, like Gecko) Chrome/49.0.2623.110 Safari/537.36",float64,0,32
"user_device_share_Mozilla/5.0 (Windows NT 6.3; WOW64) AppleWebKit/537.36 (KHTML, like Gecko) Chrome/49.0.2623.112 Safari/537.36",float64,0,53
"user_device_share_Mozilla/5.0 (Windows NT 6.3; WOW64) AppleWebKit/537.36 (KHTML, like Gecko) Chrome/49.0.2623.87 Safari/537.36",float64,0,23
"user_device_share_Mozilla/5.0 (Windows NT 6.3; WOW64) AppleWebKit/537.36 (KHTML, like Gecko) Chrome/50.0.2661.102 Safari/537.36",float64,0,54
"user_device_share_Mozilla/5.0 (Windows NT 6.3; WOW64) AppleWebKit/537.36 (KHTML, like Gecko) Chrome/50.0.2661.75 Safari/537.36",float64,0,3
"user_device_share_Mozilla/5.0 (Windows NT 6.3; WOW64) AppleWebKit/537.36 (KHTML, like Gecko) Chrome/50.0.2661.87 Safari/537.36",float64,0,7
"user_device_share_Mozilla/5.0 (Windows NT 6.3; WOW64) AppleWebKit/537.36 (KHTML, like Gecko) Chrome/50.0.2661.94 Safari/537.36",float64,0,36
"user_device_share_Mozilla/5.0 (Windows NT 6.3; WOW64) AppleWebKit/537.36 (KHTML, like Gecko) Chrome/51.0.2704.103 Safari/537.36",float64,0,48
"user_device_share_Mozilla/5.0 (Windows NT 6.3; WOW64) AppleWebKit/537.36 (KHTML, like Gecko) Chrome/51.0.2704.106 Safari/537.36",float64,0,5
"user_device_share_Mozilla/5.0 (Windows NT 6.3; WOW64) AppleWebKit/537.36 (KHTML, like Gecko) Chrome/51.0.2704.79 Safari/537.36",float64,0,6
"user_device_share_Mozilla/5.0 (Windows NT 6.3; WOW64) AppleWebKit/537.36 (KHTML, like Gecko) Chrome/51.0.2704.84 Safari/537.36",float64,0,28
"user_device_share_Mozilla/5.0 (Windows NT 6.3; WOW64) AppleWebKit/537.36 (KHTML, like Gecko) Chrome/52.0.2743.116 Safari/537.36",float64,0,17
"user_device_share_Mozilla/5.0 (Windows NT 6.3; WOW64) AppleWebKit/537.36 (KHTML, like Gecko) Chrome/53.0.2785.113 Safari/537.36",float64,0,2
"user_device_share_Mozilla/5.0 (Windows NT 6.3; WOW64) AppleWebKit/537.36 (KHTML, like Gecko) Chrome/53.0.2785.116 Safari/537.36",float64,0,12
"user_device_share_Mozilla/5.0 (Windows NT 6.3; WOW64) AppleWebKit/537.36 (KHTML, like Gecko) Chrome/53.0.2785.143 Safari/537.36",float64,0,8
"user_device_share_Mozilla/5.0 (Windows NT 6.3; WOW64) AppleWebKit/537.36 (KHTML, like Gecko) Chrome/54.0.2840.71 Safari/537.36",float64,0,10
"user_device_share_Mozilla/5.0 (Windows NT 6.3; WOW64) AppleWebKit/537.36 (KHTML, like Gecko) Chrome/54.0.2840.99 Safari/537.36",float64,0,9
"user_device_share_Mozilla/5.0 (Windows NT 6.3; WOW64) AppleWebKit/537.36 (KHTML, like Gecko) Chrome/55.0.2883.87 Safari/537.36",float64,0,12
"user_device_share_Mozilla/5.0 (Windows NT 6.3; WOW64) AppleWebKit/537.36 (KHTML, like Gecko) Chrome/56.0.2924.87 Safari/537.36",float64,0,15
"user_device_share_Mozilla/5.0 (Windows NT 6.3; WOW64) AppleWebKit/537.36 (KHTML, like Gecko) Chrome/57.0.2977.1 Safari/537.36",float64,0,2
user_device_share_Mozilla/5.0 (Windows NT 6.3; WOW64; rv:46.0) Gecko/20100101 Firefox/46.0,float64,0,2
user_device_share_Mozilla/5.0 (Windows NT 6.3; WOW64; rv:47.0) Gecko/20100101 Firefox/47.0,float64,0,2
"user_device_share_Mozilla/5.0 (Windows NT 6.3; Win64; x64) AppleWebKit/537.36 (KHTML, like Gecko) Chrome/49.0.2623.110 Safari/537.36",float64,0,6
"user_device_share_Mozilla/5.0 (Windows NT 6.3; Win64; x64) AppleWebKit/537.36 (KHTML, like Gecko) Chrome/49.0.2623.112 Safari/537.36",float64,0,8
"user_device_share_Mozilla/5.0 (Windows NT 6.3; Win64; x64) AppleWebKit/537.36 (KHTML, like Gecko) Chrome/49.0.2623.87 Safari/537.36",float64,0,5
"user_device_share_Mozilla/5.0 (Windows NT 6.3; Win64; x64) AppleWebKit/537.36 (KHTML, like Gecko) Chrome/50.0.2661.102 Safari/537.36",float64,0,6
"user_device_share_Mozilla/5.0 (Windows NT 6.3; Win64; x64) AppleWebKit/537.36 (KHTML, like Gecko) Chrome/50.0.2661.57 Safari/537.36",float64,0,2
"user_device_share_Mozilla/5.0 (Windows NT 6.3; Win64; x64) AppleWebKit/537.36 (KHTML, like Gecko) Chrome/50.0.2661.94 Safari/537.36",float64,0,6
"user_device_share_Mozilla/5.0 (Windows NT 6.3; Win64; x64) AppleWebKit/537.36 (KHTML, like Gecko) Chrome/51.0.2704.103 Safari/537.36",float64,0,7
"user_device_share_Mozilla/5.0 (Windows NT 6.3; Win64; x64) AppleWebKit/537.36 (KHTML, like Gecko) Chrome/51.0.2704.106 Safari/537.36",float64,0,3
"user_device_share_Mozilla/5.0 (Windows NT 6.3; Win64; x64) AppleWebKit/537.36 (KHTML, like Gecko) Chrome/51.0.2704.54 Safari/537.36",float64,0,2
"user_device_share_Mozilla/5.0 (Windows NT 6.3; Win64; x64) AppleWebKit/537.36 (KHTML, like Gecko) Chrome/51.0.2704.84 Safari/537.36",float64,0,6
"user_device_share_Mozilla/5.0 (Windows NT 6.3; Win64; x64) AppleWebKit/537.36 (KHTML, like Gecko) Chrome/52.0.2715.0 Safari/537.36",float64,0,2
"user_device_share_Mozilla/5.0 (Windows NT 6.3; Win64; x64) AppleWebKit/537.36 (KHTML, like Gecko) Chrome/52.0.2722.0 Safari/537.36",float64,0,2
"user_device_share_Mozilla/5.0 (Windows NT 6.3; Win64; x64) AppleWebKit/537.36 (KHTML, like Gecko) Chrome/52.0.2735.0 Safari/537.36",float64,0,2
"user_device_share_Mozilla/5.0 (Windows NT 6.3; Win64; x64) AppleWebKit/537.36 (KHTML, like Gecko) Chrome/52.0.2740.0 Safari/537.36",float64,0,2
"user_device_share_Mozilla/5.0 (Windows NT 6.3; Win64; x64) AppleWebKit/537.36 (KHTML, like Gecko) Chrome/52.0.2743.0 Safari/537.36",float64,0,2
"user_device_share_Mozilla/5.0 (Windows NT 6.3; Win64; x64) AppleWebKit/537.36 (KHTML, like Gecko) Chrome/52.0.2743.116 Safari/537.36",float64,0,5
"user_device_share_Mozilla/5.0 (Windows NT 6.3; Win64; x64) AppleWebKit/537.36 (KHTML, like Gecko) Chrome/52.0.2743.82 Safari/537.36",float64,0,2
"user_device_share_Mozilla/5.0 (Windows NT 6.3; Win64; x64) AppleWebKit/537.36 (KHTML, like Gecko) Chrome/53.0.2766.0 Safari/537.36",float64,0,2
"user_device_share_Mozilla/5.0 (Windows NT 6.3; Win64; x64) AppleWebKit/537.36 (KHTML, like Gecko) Chrome/53.0.2767.0 Safari/537.36",float64,0,2
"user_device_share_Mozilla/5.0 (Windows NT 6.3; Win64; x64) AppleWebKit/537.36 (KHTML, like Gecko) Chrome/53.0.2774.2 Safari/537.36",float64,0,2
"user_device_share_Mozilla/5.0 (Windows NT 6.3; Win64; x64) AppleWebKit/537.36 (KHTML, like Gecko) Chrome/53.0.2785.101 Safari/537.36",float64,0,2
"user_device_share_Mozilla/5.0 (Windows NT 6.3; Win64; x64) AppleWebKit/537.36 (KHTML, like Gecko) Chrome/53.0.2785.116 Safari/537.36",float64,0,2
"user_device_share_Mozilla/5.0 (Windows NT 6.3; Win64; x64) AppleWebKit/537.36 (KHTML, like Gecko) Chrome/53.0.2785.143 Safari/537.36",float64,0,6
"user_device_share_Mozilla/5.0 (Windows NT 6.3; Win64; x64) AppleWebKit/537.36 (KHTML, like Gecko) Chrome/53.0.2785.34 Safari/537.36",float64,0,2
"user_device_share_Mozilla/5.0 (Windows NT 6.3; Win64; x64) AppleWebKit/537.36 (KHTML, like Gecko) Chrome/53.0.2785.89 Safari/537.36",float64,0,2
"user_device_share_Mozilla/5.0 (Windows NT 6.3; Win64; x64) AppleWebKit/537.36 (KHTML, like Gecko) Chrome/54.0.2793.0 Safari/537.36",float64,0,2
"user_device_share_Mozilla/5.0 (Windows NT 6.3; Win64; x64) AppleWebKit/537.36 (KHTML, like Gecko) Chrome/54.0.2794.0 Safari/537.36",float64,0,2
"user_device_share_Mozilla/5.0 (Windows NT 6.3; Win64; x64) AppleWebKit/537.36 (KHTML, like Gecko) Chrome/54.0.2840.16 Safari/537.36",float64,0,2
"user_device_share_Mozilla/5.0 (Windows NT 6.3; Win64; x64) AppleWebKit/537.36 (KHTML, like Gecko) Chrome/54.0.2840.41 Safari/537.36",float64,0,2
"user_device_share_Mozilla/5.0 (Windows NT 6.3; Win64; x64) AppleWebKit/537.36 (KHTML, like Gecko) Chrome/54.0.2840.59 Safari/537.36",float64,0,2
"user_device_share_Mozilla/5.0 (Windows NT 6.3; Win64; x64) AppleWebKit/537.36 (KHTML, like Gecko) Chrome/54.0.2840.71 Safari/537.36",float64,0,3
"user_device_share_Mozilla/5.0 (Windows NT 6.3; Win64; x64) AppleWebKit/537.36 (KHTML, like Gecko) Chrome/54.0.2840.99 Safari/537.36",float64,0,7
"user_device_share_Mozilla/5.0 (Windows NT 6.3; Win64; x64) AppleWebKit/537.36 (KHTML, like Gecko) Chrome/55.0.2873.0 Safari/537.36",float64,0,2
"user_device_share_Mozilla/5.0 (Windows NT 6.3; Win64; x64) AppleWebKit/537.36 (KHTML, like Gecko) Chrome/55.0.2876.0 Safari/537.36",float64,0,2
"user_device_share_Mozilla/5.0 (Windows NT 6.3; Win64; x64) AppleWebKit/537.36 (KHTML, like Gecko) Chrome/55.0.2880.0 Safari/537.36",float64,0,2
"user_device_share_Mozilla/5.0 (Windows NT 6.3; Win64; x64) AppleWebKit/537.36 (KHTML, like Gecko) Chrome/55.0.2883.75 Safari/537.36",float64,0,2
"user_device_share_Mozilla/5.0 (Windows NT 6.3; Win64; x64) AppleWebKit/537.36 (KHTML, like Gecko) Chrome/55.0.2883.87 Safari/537.36",float64,0,6
"user_device_share_Mozilla/5.0 (Windows NT 6.3; Win64; x64) AppleWebKit/537.36 (KHTML, like Gecko) Chrome/56.0.2924.87 Safari/537.36",float64,0,7
"user_device_share_Mozilla/5.0 (Windows NT 6.3; Win64; x64) AppleWebKit/537.36 (KHTML, like Gecko) Chrome/57.0.2944.0 Safari/537.36",float64,0,2
"user_device_share_Mozilla/5.0 (Windows NT 6.3; Win64; x64) AppleWebKit/537.36 (KHTML, like Gecko) Chrome/58.0.2997.0 Safari/537.36",float64,0,2
"user_device_share_Mozilla/5.0 (Windows NT 6.3; Win64; x64) AppleWebKit/537.36 (KHTML, like Gecko) Chrome/58.0.3018.0 Safari/537.36",float64,0,2
"user_device_share_Mozilla/5.0 (X11; CrOS armv7l 7834.70.0) AppleWebKit/537.36 (KHTML, like Gecko) Chrome/49.0.2623.112 Safari/537.36",float64,0,2
"user_device_share_Mozilla/5.0 (X11; CrOS armv7l 7978.74.0) AppleWebKit/537.36 (KHTML, like Gecko) Chrome/50.0.2661.103 Safari/537.36",float64,0,2
"user_device_share_Mozilla/5.0 (X11; CrOS armv7l 8172.56.0) AppleWebKit/537.36 (KHTML, like Gecko) Chrome/51.0.2704.103 Safari/537.36",float64,0,2
"user_device_share_Mozilla/5.0 (X11; CrOS x86_64 7834.60.0) AppleWebKit/537.36 (KHTML, like Gecko) Chrome/49.0.2623.95 Safari/537.36",float64,0,2
"user_device_share_Mozilla/5.0 (X11; CrOS x86_64 7834.66.0) AppleWebKit/537.36 (KHTML, like Gecko) Chrome/49.0.2623.111 Safari/537.36",float64,0,2
"user_device_share_Mozilla/5.0 (X11; CrOS x86_64 7834.70.0) AppleWebKit/537.36 (KHTML, like Gecko) Chrome/49.0.2623.112 Safari/537.36",float64,0,2
"user_device_share_Mozilla/5.0 (X11; CrOS x86_64 7978.66.0) AppleWebKit/537.36 (KHTML, like Gecko) Chrome/50.0.2661.91 Safari/537.36",float64,0,3
"user_device_share_Mozilla/5.0 (X11; CrOS x86_64 7978.74.0) AppleWebKit/537.36 (KHTML, like Gecko) Chrome/50.0.2661.103 Safari/537.36",float64,0,2
"user_device_share_Mozilla/5.0 (X11; CrOS x86_64 7978.76.0) AppleWebKit/537.36 (KHTML, like Gecko) Chrome/50.0.2661.104 Safari/537.36",float64,0,3
"user_device_share_Mozilla/5.0 (X11; CrOS x86_64 8172.47.0) AppleWebKit/537.36 (KHTML, like Gecko) Chrome/51.0.2704.79 Safari/537.36",float64,0,4
"user_device_share_Mozilla/5.0 (X11; CrOS x86_64 8172.56.0) AppleWebKit/537.36 (KHTML, like Gecko) Chrome/51.0.2704.103 Safari/537.36",float64,0,2
"user_device_share_Mozilla/5.0 (X11; CrOS x86_64 8172.60.0) AppleWebKit/537.36 (KHTML, like Gecko) Chrome/51.0.2704.103 Safari/537.36",float64,0,2
"user_device_share_Mozilla/5.0 (X11; CrOS x86_64 8172.62.0) AppleWebKit/537.36 (KHTML, like Gecko) Chrome/51.0.2704.106 Safari/537.36",float64,0,5
"user_device_share_Mozilla/5.0 (X11; CrOS x86_64 8350.60.0) AppleWebKit/537.36 (KHTML, like Gecko) Chrome/52.0.2743.85 Safari/537.36",float64,0,2
"user_device_share_Mozilla/5.0 (X11; CrOS x86_64 8350.68.0) AppleWebKit/537.36 (KHTML, like Gecko) Chrome/52.0.2743.116 Safari/537.36",float64,0,3
"user_device_share_Mozilla/5.0 (X11; CrOS x86_64 8530.81.0) AppleWebKit/537.36 (KHTML, like Gecko) Chrome/53.0.2785.103 Safari/537.36",float64,0,2
"user_device_share_Mozilla/5.0 (X11; CrOS x86_64 8530.96.0) AppleWebKit/537.36 (KHTML, like Gecko) Chrome/53.0.2785.154 Safari/537.36",float64,0,2
"user_device_share_Mozilla/5.0 (X11; CrOS x86_64 8743.76.0) AppleWebKit/537.36 (KHTML, like Gecko) Chrome/54.0.2840.79 Safari/537.36",float64,0,2
"user_device_share_Mozilla/5.0 (X11; CrOS x86_64 8743.85.0) AppleWebKit/537.36 (KHTML, like Gecko) Chrome/54.0.2840.101 Safari/537.36",float64,0,3
"user_device_share_Mozilla/5.0 (X11; CrOS x86_64 8872.70.0) AppleWebKit/537.36 (KHTML, like Gecko) Chrome/55.0.2883.87 Safari/537.36",float64,0,3
"user_device_share_Mozilla/5.0 (X11; CrOS x86_64 8872.73.0) AppleWebKit/537.36 (KHTML, like Gecko) Chrome/55.0.2883.103 Safari/537.36",float64,0,2
"user_device_share_Mozilla/5.0 (X11; CrOS x86_64 8872.76.0) AppleWebKit/537.36 (KHTML, like Gecko) Chrome/55.0.2883.105 Safari/537.36",float64,0,2
"user_device_share_Mozilla/5.0 (X11; CrOS x86_64 9000.82.0) AppleWebKit/537.36 (KHTML, like Gecko) Chrome/56.0.2924.87 Safari/537.36",float64,0,2
"user_device_share_Mozilla/5.0 (X11; Fedora; Linux x86_64) AppleWebKit/537.36 (KHTML, like Gecko) Chrome/49.0.2623.110 Safari/537.36",float64,0,3
"user_device_share_Mozilla/5.0 (X11; Fedora; Linux x86_64) AppleWebKit/537.36 (KHTML, like Gecko) Chrome/49.0.2623.112 Safari/537.36",float64,0,3
"user_device_share_Mozilla/5.0 (X11; Fedora; Linux x86_64) AppleWebKit/537.36 (KHTML, like Gecko) Chrome/49.0.2623.75 Safari/537.36",float64,0,2
"user_device_share_Mozilla/5.0 (X11; Fedora; Linux x86_64) AppleWebKit/537.36 (KHTML, like Gecko) Chrome/49.0.2623.87 Safari/537.36",float64,0,2
"user_device_share_Mozilla/5.0 (X11; Fedora; Linux x86_64) AppleWebKit/537.36 (KHTML, like Gecko) Chrome/50.0.2661.102 Safari/537.36",float64,0,2
"user_device_share_Mozilla/5.0 (X11; Fedora; Linux x86_64) AppleWebKit/537.36 (KHTML, like Gecko) Chrome/50.0.2661.75 Safari/537.36",float64,0,2
"user_device_share_Mozilla/5.0 (X11; Fedora; Linux x86_64) AppleWebKit/537.36 (KHTML, like Gecko) Chrome/50.0.2661.86 Safari/537.36",float64,0,2
"user_device_share_Mozilla/5.0 (X11; Fedora; Linux x86_64) AppleWebKit/537.36 (KHTML, like Gecko) Chrome/50.0.2661.94 Safari/537.36",float64,0,4
"user_device_share_Mozilla/5.0 (X11; Fedora; Linux x86_64) AppleWebKit/537.36 (KHTML, like Gecko) Chrome/51.0.2704.103 Safari/537.36",float64,0,3
"user_device_share_Mozilla/5.0 (X11; Fedora; Linux x86_64) AppleWebKit/537.36 (KHTML, like Gecko) Chrome/51.0.2704.106 Safari/537.36",float64,0,4
"user_device_share_Mozilla/5.0 (X11; Fedora; Linux x86_64) AppleWebKit/537.36 (KHTML, like Gecko) Chrome/51.0.2704.63 Safari/537.36",float64,0,4
"user_device_share_Mozilla/5.0 (X11; Fedora; Linux x86_64) AppleWebKit/537.36 (KHTML, like Gecko) Chrome/51.0.2704.79 Safari/537.36",float64,0,2
"user_device_share_Mozilla/5.0 (X11; Fedora; Linux x86_64) AppleWebKit/537.36 (KHTML, like Gecko) Chrome/51.0.2704.84 Safari/537.36",float64,0,2
"user_device_share_Mozilla/5.0 (X11; Fedora; Linux x86_64) AppleWebKit/537.36 (KHTML, like Gecko) Chrome/52.0.2743.116 Safari/537.36",float64,0,3
"user_device_share_Mozilla/5.0 (X11; Fedora; Linux x86_64) AppleWebKit/537.36 (KHTML, like Gecko) Chrome/52.0.2743.82 Safari/537.36",float64,0,5
"user_device_share_Mozilla/5.0 (X11; Fedora; Linux x86_64) AppleWebKit/537.36 (KHTML, like Gecko) Chrome/53.0.2785.101 Safari/537.36",float64,0,2
"user_device_share_Mozilla/5.0 (X11; Fedora; Linux x86_64) AppleWebKit/537.36 (KHTML, like Gecko) Chrome/53.0.2785.143 Safari/537.36",float64,0,2
"user_device_share_Mozilla/5.0 (X11; Fedora; Linux x86_64) AppleWebKit/537.36 (KHTML, like Gecko) Chrome/54.0.2840.100 Safari/537.36",float64,0,2
"user_device_share_Mozilla/5.0 (X11; Fedora; Linux x86_64) AppleWebKit/537.36 (KHTML, like Gecko) Chrome/54.0.2840.71 Safari/537.36",float64,0,2
"user_device_share_Mozilla/5.0 (X11; Fedora; Linux x86_64) AppleWebKit/537.36 (KHTML, like Gecko) Chrome/55.0.2883.87 Safari/537.36",float64,0,2
"user_device_share_Mozilla/5.0 (X11; Fedora; Linux x86_64) AppleWebKit/537.36 (KHTML, like Gecko) Chrome/56.0.2924.87 Safari/537.36",float64,0,2
user_device_share_Mozilla/5.0 (X11; Fedora; Linux x86_64; rv:47.0) Gecko/20100101 Firefox/47.0,float64,0,2
user_device_share_Mozilla/5.0 (X11; Fedora; Linux x86_64; rv:50.0) Gecko/20100101 Firefox/50.0,float64,0,2
"user_device_share_Mozilla/5.0 (X11; Linux i686) AppleWebKit/537.36 (KHTML, like Gecko) Chrome/48.0.2564.116 Safari/537.36",float64,0,3
"user_device_share_Mozilla/5.0 (X11; Linux x86_64) AppleWebKit/537.36 (KHTML, like Gecko) Chrome/46.0.2490.71 Safari/537.36",float64,0,4
"user_device_share_Mozilla/5.0 (X11; Linux x86_64) AppleWebKit/537.36 (KHTML, like Gecko) Chrome/47.0.2526.106 Safari/537.36",float64,0,2
"user_device_share_Mozilla/5.0 (X11; Linux x86_64) AppleWebKit/537.36 (KHTML, like Gecko) Chrome/48.0.2564.103 Safari/537.36",float64,0,2
"user_device_share_Mozilla/5.0 (X11; Linux x86_64) AppleWebKit/537.36 (KHTML, like Gecko) Chrome/48.0.2564.109 Safari/537.36",float64,0,4
"user_device_share_Mozilla/5.0 (X11; Linux x86_64) AppleWebKit/537.36 (KHTML, like Gecko) Chrome/48.0.2564.116 Safari/537.36",float64,0,12
"user_device_share_Mozilla/5.0 (X11; Linux x86_64) AppleWebKit/537.36 (KHTML, like Gecko) Chrome/48.0.2564.82 Safari/537.36",float64,0,2
"user_device_share_Mozilla/5.0 (X11; Linux x86_64) AppleWebKit/537.36 (KHTML, like Gecko) Chrome/48.0.2564.97 Safari/537.36",float64,0,3
"user_device_share_Mozilla/5.0 (X11; Linux x86_64) AppleWebKit/537.36 (KHTML, like Gecko) Chrome/49.0.2623.105 Safari/537.36",float64,0,2
"user_device_share_Mozilla/5.0 (X11; Linux x86_64) AppleWebKit/537.36 (KHTML, like Gecko) Chrome/49.0.2623.108 Safari/537.36",float64,0,9
"user_device_share_Mozilla/5.0 (X11; Linux x86_64) AppleWebKit/537.36 (KHTML, like Gecko) Chrome/49.0.2623.110 Safari/537.36",float64,0,55
"user_device_share_Mozilla/5.0 (X11; Linux x86_64) AppleWebKit/537.36 (KHTML, like Gecko) Chrome/49.0.2623.110 Safari/537.36 OPR/36.0.2130.65",float64,0,2
"user_device_share_Mozilla/5.0 (X11; Linux x86_64) AppleWebKit/537.36 (KHTML, like Gecko) Chrome/49.0.2623.112 Safari/537.36",float64,0,38
"user_device_share_Mozilla/5.0 (X11; Linux x86_64) AppleWebKit/537.36 (KHTML, like Gecko) Chrome/49.0.2623.75 Safari/537.36",float64,0,11
"user_device_share_Mozilla/5.0 (X11; Linux x86_64) AppleWebKit/537.36 (KHTML, like Gecko) Chrome/49.0.2623.75 Safari/537.36 OPR/36.0.2130.32",float64,0,2
"user_device_share_Mozilla/5.0 (X11; Linux x86_64) AppleWebKit/537.36 (KHTML, like Gecko) Chrome/49.0.2623.87 Safari/537.36",float64,0,42
"user_device_share_Mozilla/5.0 (X11; Linux x86_64) AppleWebKit/537.36 (KHTML, like Gecko) Chrome/50.0.2661.102 Safari/537.36",float64,0,63
"user_device_share_Mozilla/5.0 (X11; Linux x86_64) AppleWebKit/537.36 (KHTML, like Gecko) Chrome/50.0.2661.75 Safari/537.36",float64,0,44
"user_device_share_Mozilla/5.0 (X11; Linux x86_64) AppleWebKit/537.36 (KHTML, like Gecko) Chrome/50.0.2661.86 Safari/537.36",float64,0,53
"user_device_share_Mozilla/5.0 (X11; Linux x86_64) AppleWebKit/537.36 (KHTML, like Gecko) Chrome/50.0.2661.94 Safari/537.36",float64,0,71
"user_device_share_Mozilla/5.0 (X11; Linux x86_64) AppleWebKit/537.36 (KHTML, like Gecko) Chrome/51.0.2704.103 Safari/537.36",float64,0,58
"user_device_share_Mozilla/5.0 (X11; Linux x86_64) AppleWebKit/537.36 (KHTML, like Gecko) Chrome/51.0.2704.103 Safari/537.36 Vivaldi/1.2.490.43",float64,0,2
"user_device_share_Mozilla/5.0 (X11; Linux x86_64) AppleWebKit/537.36 (KHTML, like Gecko) Chrome/51.0.2704.106 Safari/537.36",float64,0,100
"user_device_share_Mozilla/5.0 (X11; Linux x86_64) AppleWebKit/537.36 (KHTML, like Gecko) Chrome/51.0.2704.106 Safari/537.36 OPR/38.0.2220.41",float64,0,2
"user_device_share_Mozilla/5.0 (X11; Linux x86_64) AppleWebKit/537.36 (KHTML, like Gecko) Chrome/51.0.2704.19 Safari/537.36",float64,0,2
"user_device_share_Mozilla/5.0 (X11; Linux x86_64) AppleWebKit/537.36 (KHTML, like Gecko) Chrome/51.0.2704.29 Safari/537.36",float64,0,2
"user_device_share_Mozilla/5.0 (X11; Linux x86_64) AppleWebKit/537.36 (KHTML, like Gecko) Chrome/51.0.2704.54 Safari/537.36",float64,0,2
"user_device_share_Mozilla/5.0 (X11; Linux x86_64) AppleWebKit/537.36 (KHTML, like Gecko) Chrome/51.0.2704.63 Safari/537.36",float64,0,52
"user_device_share_Mozilla/5.0 (X11; Linux x86_64) AppleWebKit/537.36 (KHTML, like Gecko) Chrome/51.0.2704.79 Safari/537.36",float64,0,37
"user_device_share_Mozilla/5.0 (X11; Linux x86_64) AppleWebKit/537.36 (KHTML, like Gecko) Chrome/51.0.2704.84 Safari/537.36",float64,0,66
"user_device_share_Mozilla/5.0 (X11; Linux x86_64) AppleWebKit/537.36 (KHTML, like Gecko) Chrome/52.0.2743.116 Safari/537.36",float64,0,93
"user_device_share_Mozilla/5.0 (X11; Linux x86_64) AppleWebKit/537.36 (KHTML, like Gecko) Chrome/52.0.2743.117 Safari/537.36 Vivaldi/1.3.551.30",float64,0,2
"user_device_share_Mozilla/5.0 (X11; Linux x86_64) AppleWebKit/537.36 (KHTML, like Gecko) Chrome/52.0.2743.117 Safari/537.36 Vivaldi/1.3.551.38",float64,0,2
"user_device_share_Mozilla/5.0 (X11; Linux x86_64) AppleWebKit/537.36 (KHTML, like Gecko) Chrome/52.0.2743.24 Safari/537.36",float64,0,2
"user_device_share_Mozilla/5.0 (X11; Linux x86_64) AppleWebKit/537.36 (KHTML, like Gecko) Chrome/52.0.2743.75 Safari/537.36",float64,0,2
"user_device_share_Mozilla/5.0 (X11; Linux x86_64) AppleWebKit/537.36 (KHTML, like Gecko) Chrome/52.0.2743.82 Safari/537.36",float64,0,77
"user_device_share_Mozilla/5.0 (X11; Linux x86_64) AppleWebKit/537.36 (KHTML, like Gecko) Chrome/52.0.2743.85 Safari/537.36",float64,0,3
"user_device_share_Mozilla/5.0 (X11; Linux x86_64) AppleWebKit/537.36 (KHTML, like Gecko) Chrome/53.0.2785.101 Safari/537.36",float64,0,41
"user_device_share_Mozilla/5.0 (X11; Linux x86_64) AppleWebKit/537.36 (KHTML, like Gecko) Chrome/53.0.2785.113 Safari/537.36",float64,0,16
"user_device_share_Mozilla/5.0 (X11; Linux x86_64) AppleWebKit/537.36 (KHTML, like Gecko) Chrome/53.0.2785.116 Safari/537.36",float64,0,70
"user_device_share_Mozilla/5.0 (X11; Linux x86_64) AppleWebKit/537.36 (KHTML, like Gecko) Chrome/53.0.2785.122 Safari/537.36 Vivaldi/1.4.589.29",float64,0,2
"user_device_share_Mozilla/5.0 (X11; Linux x86_64) AppleWebKit/537.36 (KHTML, like Gecko) Chrome/53.0.2785.143 Safari/537.36",float64,0,66
"user_device_share_Mozilla/5.0 (X11; Linux x86_64) AppleWebKit/537.36 (KHTML, like Gecko) Chrome/53.0.2785.148 Safari/537.36 Vivaldi/1.4.589.38",float64,0,2
"user_device_share_Mozilla/5.0 (X11; Linux x86_64) AppleWebKit/537.36 (KHTML, like Gecko) Chrome/53.0.2785.57 Safari/537.36",float64,0,2
"user_device_share_Mozilla/5.0 (X11; Linux x86_64) AppleWebKit/537.36 (KHTML, like Gecko) Chrome/53.0.2785.89 Safari/537.36",float64,0,14
"user_device_share_Mozilla/5.0 (X11; Linux x86_64) AppleWebKit/537.36 (KHTML, like Gecko) Chrome/53.0.2785.90 Safari/537.36 Vivaldi/1.4.589.11",float64,0,2
"user_device_share_Mozilla/5.0 (X11; Linux x86_64) AppleWebKit/537.36 (KHTML, like Gecko) Chrome/53.0.2785.92 Safari/537.36",float64,0,23
"user_device_share_Mozilla/5.0 (X11; Linux x86_64) AppleWebKit/537.36 (KHTML, like Gecko) Chrome/54.0.2840.100 Safari/537.36",float64,0,65
"user_device_share_Mozilla/5.0 (X11; Linux x86_64) AppleWebKit/537.36 (KHTML, like Gecko) Chrome/54.0.2840.16 Safari/537.36",float64,0,2
"user_device_share_Mozilla/5.0 (X11; Linux x86_64) AppleWebKit/537.36 (KHTML, like Gecko) Chrome/54.0.2840.41 Safari/537.36",float64,0,2
"user_device_share_Mozilla/5.0 (X11; Linux x86_64) AppleWebKit/537.36 (KHTML, like Gecko) Chrome/54.0.2840.59 Safari/537.36",float64,0,40
"user_device_share_Mozilla/5.0 (X11; Linux x86_64) AppleWebKit/537.36 (KHTML, like Gecko) Chrome/54.0.2840.71 Safari/537.36",float64,0,53
"user_device_share_Mozilla/5.0 (X11; Linux x86_64) AppleWebKit/537.36 (KHTML, like Gecko) Chrome/54.0.2840.90 Safari/537.36",float64,0,44
"user_device_share_Mozilla/5.0 (X11; Linux x86_64) AppleWebKit/537.36 (KHTML, like Gecko) Chrome/54.0.2840.99 Safari/537.36 OPR/41.0.2353.69",float64,0,2
"user_device_share_Mozilla/5.0 (X11; Linux x86_64) AppleWebKit/537.36 (KHTML, like Gecko) Chrome/55.0.2859.0 Safari/537.36",float64,0,2
"user_device_share_Mozilla/5.0 (X11; Linux x86_64) AppleWebKit/537.36 (KHTML, like Gecko) Chrome/55.0.2883.75 Safari/537.36",float64,0,30
"user_device_share_Mozilla/5.0 (X11; Linux x86_64) AppleWebKit/537.36 (KHTML, like Gecko) Chrome/55.0.2883.87 Safari/537.36",float64,0,88
"user_device_share_Mozilla/5.0 (X11; Linux x86_64) AppleWebKit/537.36 (KHTML, like Gecko) Chrome/55.0.2883.87 Safari/537.36 OPR/42.0.2393.94",float64,0,2
"user_device_share_Mozilla/5.0 (X11; Linux x86_64) AppleWebKit/537.36 (KHTML, like Gecko) Chrome/56.0.2924.21 Safari/537.36",float64,0,2
"user_device_share_Mozilla/5.0 (X11; Linux x86_64) AppleWebKit/537.36 (KHTML, like Gecko) Chrome/56.0.2924.59 Safari/537.36",float64,0,2
"user_device_share_Mozilla/5.0 (X11; Linux x86_64) AppleWebKit/537.36 (KHTML, like Gecko) Chrome/56.0.2924.67 Safari/537.36",float64,0,2
"user_device_share_Mozilla/5.0 (X11; Linux x86_64) AppleWebKit/537.36 (KHTML, like Gecko) Chrome/56.0.2924.76 Safari/537.36",float64,0,26
"user_device_share_Mozilla/5.0 (X11; Linux x86_64) AppleWebKit/537.36 (KHTML, like Gecko) Chrome/56.0.2924.87 Safari/537.36",float64,0,66
"user_device_share_Mozilla/5.0 (X11; Linux x86_64) AppleWebKit/537.36 (KHTML, like Gecko) Ubuntu Chromium/48.0.2564.82 Chrome/48.0.2564.82 Safari/537.36",float64,0,2
"user_device_share_Mozilla/5.0 (X11; Linux x86_64) AppleWebKit/537.36 (KHTML, like Gecko) Ubuntu Chromium/49.0.2623.108 Chrome/49.0.2623.108 Safari/537.36",float64,0,6
"user_device_share_Mozilla/5.0 (X11; Linux x86_64) AppleWebKit/537.36 (KHTML, like Gecko) Ubuntu Chromium/49.0.2623.87 Chrome/49.0.2623.87 Safari/537.36",float64,0,2
"user_device_share_Mozilla/5.0 (X11; Linux x86_64) AppleWebKit/537.36 (KHTML, like Gecko) Ubuntu Chromium/50.0.2661.102 Chrome/50.0.2661.102 Safari/537.36",float64,0,6
"user_device_share_Mozilla/5.0 (X11; Linux x86_64) AppleWebKit/537.36 (KHTML, like Gecko) Ubuntu Chromium/51.0.2704.79 Chrome/51.0.2704.79 Safari/537.36",float64,0,6
"user_device_share_Mozilla/5.0 (X11; Linux x86_64) AppleWebKit/537.36 (KHTML, like Gecko) Ubuntu Chromium/52.0.2743.116 Chrome/52.0.2743.116 Safari/537.36",float64,0,4
"user_device_share_Mozilla/5.0 (X11; Linux x86_64) AppleWebKit/537.36 (KHTML, like Gecko) Ubuntu Chromium/53.0.2785.143 Chrome/53.0.2785.143 Safari/537.36",float64,0,8
"user_device_share_Mozilla/5.0 (X11; Linux x86_64) AppleWebKit/537.36 (KHTML, like Gecko) Ubuntu Chromium/55.0.2883.87 Chrome/55.0.2883.87 Safari/537.36",float64,0,7
"user_device_share_Mozilla/5.0 (X11; Linux x86_64) AppleWebKit/537.36 (KHTML, like Gecko) Ubuntu Chromium/56.0.2924.76 Chrome/56.0.2924.76 Safari/537.36",float64,0,2
user_device_share_Mozilla/5.0 (X11; Linux x86_64; rv:45.0) Gecko/20100101 Firefox/45.0,float64,0,3
user_device_share_Mozilla/5.0 (X11; Linux x86_64; rv:46.0) Gecko/20100101 Firefox/46.0,float64,0,2
user_device_share_Mozilla/5.0 (X11; Linux x86_64; rv:47.0) Gecko/20100101 Firefox/47.0,float64,0,2
user_device_share_Mozilla/5.0 (X11; Linux x86_64; rv:48.0) Gecko/20100101 Firefox/48.0,float64,0,2
user_device_share_Mozilla/5.0 (X11; Linux x86_64; rv:49.0) Gecko/20100101 Firefox/49.0,float64,0,2
user_device_share_Mozilla/5.0 (X11; Linux x86_64; rv:50.0) Gecko/20100101 Firefox/50.0,float64,0,2
user_device_share_Mozilla/5.0 (X11; Linux x86_64; rv:51.0) Gecko/20100101 Firefox/51.0,float64,0,2
user_device_share_Mozilla/5.0 (X11; Linux x86_64; rv:53.0) Gecko/20100101 Firefox/53.0,float64,0,2
user_device_share_Mozilla/5.0 (X11; Ubuntu; Linux i686; rv:47.0) Gecko/20100101 Firefox/47.0,float64,0,2
user_device_share_Mozilla/5.0 (X11; Ubuntu; Linux x86_64; rv:39.0) Gecko/20100101 Firefox/39.0,float64,0,4
user_device_share_Mozilla/5.0 (X11; Ubuntu; Linux x86_64; rv:45.0) Gecko/20100101 Firefox/45.0,float64,0,2
user_device_share_Mozilla/5.0 (X11; Ubuntu; Linux x86_64; rv:46.0) Gecko/20100101 Firefox/46.0,float64,0,8
user_device_share_Mozilla/5.0 (X11; Ubuntu; Linux x86_64; rv:47.0) Gecko/20100101 Firefox/47.0,float64,0,13
user_device_share_Mozilla/5.0 (X11; Ubuntu; Linux x86_64; rv:48.0) Gecko/20100101 Firefox/48.0,float64,0,13
user_device_share_Mozilla/5.0 (X11; Ubuntu; Linux x86_64; rv:49.0) Gecko/20100101 Firefox/49.0,float64,0,9
user_device_share_Mozilla/5.0 (X11; Ubuntu; Linux x86_64; rv:50.0) Gecko/20100101 Firefox/50.0,float64,0,12
user_device_share_Mozilla/5.0 (X11; Ubuntu; Linux x86_64; rv:51.0) Gecko/20100101 Firefox/51.0,float64,0,6
"user_device_share_Mozilla/5.0 (iPad; CPU OS 10_0_2 like Mac OS X) AppleWebKit/602.1.50 (KHTML, like Gecko) Version/10.0 Mobile/14A456 Safari/602.1",float64,0,2
"user_device_share_Mozilla/5.0 (iPad; CPU OS 10_2_1 like Mac OS X) AppleWebKit/602.1.50 (KHTML, like Gecko) CriOS/56.0.2924.79 Mobile/14D27 Safari/602.1",float64,0,2
"user_device_share_Mozilla/5.0 (iPad; CPU OS 9_3_1 like Mac OS X) AppleWebKit/601.1 (KHTML, like Gecko) CriOS/49.0.2623.109 Mobile/13E238 Safari/601.1.46",float64,0,2
"user_device_share_Mozilla/5.0 (iPad; CPU OS 9_3_1 like Mac OS X) AppleWebKit/601.1 (KHTML, like Gecko) CriOS/50.0.2661.95 Mobile/13E238 Safari/601.1.46",float64,0,2
"user_device_share_Mozilla/5.0 (iPad; CPU OS 9_3_1 like Mac OS X) AppleWebKit/601.1.46 (KHTML, like Gecko) Version/9.0 Mobile/13E238 Safari/601.1",float64,0,3
"user_device_share_Mozilla/5.0 (iPad; CPU OS 9_3_2 like Mac OS X) AppleWebKit/601.1.46 (KHTML, like Gecko) Version/9.0 Mobile/13F69 Safari/601.1",float64,0,6
"user_device_share_Mozilla/5.0 (iPad; CPU OS 9_3_3 like Mac OS X) AppleWebKit/601.1 (KHTML, like Gecko) CriOS/51.0.2704.104 Mobile/13G12 Safari/601.1.46",float64,0,2
"user_device_share_Mozilla/5.0 (iPad; CPU OS 9_3_3 like Mac OS X) AppleWebKit/601.1.46 (KHTML, like Gecko) Version/9.0 Mobile/13G34 Safari/601.1",float64,0,2
"user_device_share_Mozilla/5.0 (iPad; CPU OS 9_3_5 like Mac OS X) AppleWebKit/601.1 (KHTML, like Gecko) CriOS/48.0.2564.104 Mobile/13G36 Safari/601.1.46",float64,0,2
"user_device_share_Mozilla/5.0 (iPad; CPU OS 9_3_5 like Mac OS X) AppleWebKit/601.1.46 (KHTML, like Gecko) Version/9.0 Mobile/13G36 Safari/601.1",float64,0,2
"user_device_share_Mozilla/5.0 (iPhone; CPU iPhone OS 10_0_1 like Mac OS X) AppleWebKit/601.1 (KHTML, like Gecko) CriOS/53.0.2785.109 Mobile/14A403 Safari/601.1.46",float64,0,4
"user_device_share_Mozilla/5.0 (iPhone; CPU iPhone OS 10_0_1 like Mac OS X) AppleWebKit/601.1 (KHTML, like Gecko) CriOS/53.0.2785.86 Mobile/14A403 Safari/601.1.46",float64,0,2
"user_device_share_Mozilla/5.0 (iPhone; CPU iPhone OS 10_0_1 like Mac OS X) AppleWebKit/602.1.50 (KHTML, like Gecko) Version/10.0 Mobile/14A403 Safari/602.1",float64,0,2
"user_device_share_Mozilla/5.0 (iPhone; CPU iPhone OS 10_0_2 like Mac OS X) AppleWebKit/601.1 (KHTML, like Gecko) CriOS/53.0.2785.109 Mobile/14A456 Safari/601.1.46",float64,0,2
"user_device_share_Mozilla/5.0 (iPhone; CPU iPhone OS 10_0_2 like Mac OS X) AppleWebKit/602.1.50 (KHTML, like Gecko) CriOS/54.0.2840.66 Mobile/14A456 Safari/602.1",float64,0,3
"user_device_share_Mozilla/5.0 (iPhone; CPU iPhone OS 10_0_2 like Mac OS X) AppleWebKit/602.1.50 (KHTML, like Gecko) Version/10.0 Mobile/14A456 Safari/602.1",float64,0,8
"user_device_share_Mozilla/5.0 (iPhone; CPU iPhone OS 10_1 like Mac OS X) AppleWebKit/602.1.50 (KHTML, like Gecko) CriOS/54.0.2840.66 Mobile/14B72 Safari/602.1",float64,0,2
"user_device_share_Mozilla/5.0 (iPhone; CPU iPhone OS 10_1 like Mac OS X) AppleWebKit/602.2.14 (KHTML, like Gecko) Version/10.0 Mobile/14B72 Safari/602.1",float64,0,2
"user_device_share_Mozilla/5.0 (iPhone; CPU iPhone OS 10_1_1 like Mac OS X) AppleWebKit/602.1.50 (KHTML, like Gecko) CriOS/54.0.2840.91 Mobile/14B100 Safari/602.1",float64,0,3
"user_device_share_Mozilla/5.0 (iPhone; CPU iPhone OS 10_2 like Mac OS X) AppleWebKit/602.1.50 (KHTML, like Gecko) CriOS/55.0.2883.79 Mobile/14C92 Safari/602.1",float64,0,2
"user_device_share_Mozilla/5.0 (iPhone; CPU iPhone OS 10_2 like Mac OS X) AppleWebKit/602.3.12 (KHTML, like Gecko) Version/10.0 Mobile/14C92 Safari/602.1",float64,0,4
"user_device_share_Mozilla/5.0 (iPhone; CPU iPhone OS 10_2_1 like Mac OS X) AppleWebKit/602.1.50 (KHTML, like Gecko) CriOS/55.0.2883.79 Mobile/14D27 Safari/602.1",float64,0,3
"user_device_share_Mozilla/5.0 (iPhone; CPU iPhone OS 10_2_1 like Mac OS X) AppleWebKit/602.1.50 (KHTML, like Gecko) CriOS/56.0.2924.79 Mobile/14D27 Safari/602.1",float64,0,3
"user_device_share_Mozilla/5.0 (iPhone; CPU iPhone OS 10_2_1 like Mac OS X) AppleWebKit/602.4.6 (KHTML, like Gecko) Version/10.0 Mobile/14D27 Safari/602.1",float64,0,2
"user_device_share_Mozilla/5.0 (iPhone; CPU iPhone OS 9_2_1 like Mac OS X) AppleWebKit/601.1 (KHTML, like Gecko) CriOS/49.0.2623.109 Mobile/13D15 Safari/601.1.46",float64,0,2
"user_device_share_Mozilla/5.0 (iPhone; CPU iPhone OS 9_2_1 like Mac OS X) AppleWebKit/601.1.46 (KHTML, like Gecko) Version/9.0 Mobile/13D15 Safari/601.1",float64,0,2
"user_device_share_Mozilla/5.0 (iPhone; CPU iPhone OS 9_3_1 like Mac OS X) AppleWebKit/601.1 (KHTML, like Gecko) CriOS/50.0.2661.77 Mobile/13E238 Safari/601.1.46",float64,0,5
"user_device_share_Mozilla/5.0 (iPhone; CPU iPhone OS 9_3_1 like Mac OS X) AppleWebKit/601.1.46 (KHTML, like Gecko) Version/9.0 Mobile/13E238 Safari/601.1",float64,0,13
"user_device_share_Mozilla/5.0 (iPhone; CPU iPhone OS 9_3_2 like Mac OS X) AppleWebKit/601.1 (KHTML, like Gecko) CriOS/51.0.2704.64 Mobile/13F69 Safari/601.1.46",float64,0,2
"user_device_share_Mozilla/5.0 (iPhone; CPU iPhone OS 9_3_2 like Mac OS X) AppleWebKit/601.1 (KHTML, like Gecko) CriOS/52.0.2743.84 Mobile/13F69 Safari/601.1.46",float64,0,2
"user_device_share_Mozilla/5.0 (iPhone; CPU iPhone OS 9_3_2 like Mac OS X) AppleWebKit/601.1.46 (KHTML, like Gecko) Version/9.0 Mobile/13F68 Safari/601.1",float64,0,2
"user_device_share_Mozilla/5.0 (iPhone; CPU iPhone OS 9_3_2 like Mac OS X) AppleWebKit/601.1.46 (KHTML, like Gecko) Version/9.0 Mobile/13F69 Safari/601.1",float64,0,22
"user_device_share_Mozilla/5.0 (iPhone; CPU iPhone OS 9_3_3 like Mac OS X) AppleWebKit/601.1 (KHTML, like Gecko) CriOS/52.0.2743.84 Mobile/13G34 Safari/601.1.46",float64,0,3
"user_device_share_Mozilla/5.0 (iPhone; CPU iPhone OS 9_3_3 like Mac OS X) AppleWebKit/601.1 (KHTML, like Gecko) CriOS/53.0.2785.86 Mobile/13G34 Safari/601.1.46",float64,0,2
"user_device_share_Mozilla/5.0 (iPhone; CPU iPhone OS 9_3_3 like Mac OS X) AppleWebKit/601.1.46 (KHTML, like Gecko) Version/9.0 Mobile/13G12 Safari/601.1",float64,0,2
"user_device_share_Mozilla/5.0 (iPhone; CPU iPhone OS 9_3_3 like Mac OS X) AppleWebKit/601.1.46 (KHTML, like Gecko) Version/9.0 Mobile/13G34 Safari/601.1",float64,0,3
"user_device_share_Mozilla/5.0 (iPhone; CPU iPhone OS 9_3_4 like Mac OS X) AppleWebKit/601.1.46 (KHTML, like Gecko) Version/9.0 Mobile/13G35 Safari/601.1",float64,0,4
"user_device_share_Mozilla/5.0 (iPhone; CPU iPhone OS 9_3_5 like Mac OS X) AppleWebKit/601.1.46 (KHTML, like Gecko) Version/9.0 Mobile/13G36 Safari/601.1",float64,0,4
user_device_share_iOS - Native Mobile App,float64,0,18
user_country_share_AR,float64,0,4
user_country_share_AU,float64,0,3
user_country_share_BR,float64,0,91
user_country_share_CA,float64,0,5
user_country_share_CH,float64,0,2
user_country_share_CL,float64,0,2
user_country_share_CN,float64,0,2
user_country_share_CO,float64,0,2
user_country_share_DE,float64,0,3
user_country_share_ES,float64,0,3
user_country_share_GB,float64,0,4
user_country_share_IE,float64,0,3
user_country_share_IN,float64,0,2
user_country_share_IS,float64,0,2
user_country_share_IT,float64,0,3
user_country_share_JP,float64,0,16
user_country_share_KR,float64,0,11
user_country_share_MY,float64,0,2
user_country_share_NL,float64,0,2
user_country_share_PT,float64,0,3
user_country_share_SG,float64,0,3
user_country_share_US,float64,0,86
user_country_share_ZZ,float64,0,7
user_preferred_hour,int32,0,24
current_consumer_session_id,object,0,1895
current_session_events,int64,0,12
current_session_unique_articles,int64,0,7
current_session_duration_minutes,float64,0,395
current_session_events_per_minute,float64,0,414
current_session_total_strength,float64,0,19
current_session_recency_score,float64,0,1891
producer_id,object,0,252
item_type,object,0,3
language,object,0,5
producer_country,object,0,6
producer_location,object,0,20
title_word_count,int64,0,25
description_word_count,int64,0,1523
title_char_count,int64,0,132
description_char_count,int64,0,2554
has_title,int32,0,1
has_description,int32,0,1
has_sufficient_text,int32,0,2
is_english,int32,0,2
is_video,int32,0,2
is_html,int32,0,2
is_rich,int32,0,2
latest_content_status,object,0,2
is_available,int32,0,1
article_age_hours,float64,0,2986
article_age_days,float64,0,2986
article_recency_score,float64,0,2986
article_total_interactions,float64,0,162
article_unique_users,float64,0,99
article_unique_sessions,float64,0,117
article_total_strength,float64,0,196
article_avg_strength,float64,0,657
article_content_commented_on_count,float64,0,13
article_content_followed_count,float64,0,12
article_content_liked_count,float64,0,34
article_content_saved_count,float64,0,20
article_content_watched_count,float64,0,147
article_content_commented_on_rate,float64,0,243
article_content_followed_rate,float64,0,221
article_content_liked_rate,float64,0,355
article_content_saved_rate,float64,0,263
article_content_watched_rate,float64,0,474
producer_total_interactions,int64,0,183
producer_unique_users,int64,0,131
producer_unique_articles,int64,0,41
producer_total_strength,float64,0,191
producer_avg_strength,float64,0,202
user_producer_affinity,float64,0,2507
article_popularity_log,float64,0,162
article_user_reach_log,float64,0,99
producer_popularity_log,float64,0,183
article_novelty_score,float64,0,162
user_article_novelty,float64,0,38
fresh_popularity_score,float64,0,2986
article_popularity_per_user_activity,float64,0,13096
user_dominant_device,object,0,305
same_country_as_producer,int64,0,1
